,Unnamed: 0,src_image,annotation,foggy_image
0,0,ulm_000024_000019_leftImg8bit.png,ulm_000024_000019_leftImg8bit_foggy_beta_0.02.txt,ulm_000024_000019_leftImg8bit_foggy_beta_0.02.png
2,2,tubingen_000130_000019_leftImg8bit.png,tubingen_000130_000019_leftImg8bit_foggy_beta_0.02.txt,tubingen_000130_000019_leftImg8bit_foggy_beta_0.02.png
22,22,hanover_000000_051536_leftImg8bit.png,hanover_000000_051536_leftImg8bit_foggy_beta_0.02.txt,hanover_000000_051536_leftImg8bit_foggy_beta_0.02.png
23,23,tubingen_000038_000019_leftImg8bit.png,tubingen_000038_000019_leftImg8bit_foggy_beta_0.02.txt,tubingen_000038_000019_leftImg8bit_foggy_beta_0.02.png
24,24,zurich_000051_000019_leftImg8bit.png,zurich_000051_000019_leftImg8bit_foggy_beta_0.02.txt,zurich_000051_000019_leftImg8bit_foggy_beta_0.02.png
39,39,strasbourg_000001_003489_leftImg8bit.png,strasbourg_000001_003489_leftImg8bit_foggy_beta_0.02.txt,strasbourg_000001_003489_leftImg8bit_foggy_beta_0.02.png
43,43,krefeld_000000_003937_leftImg8bit.png,krefeld_000000_003937_leftImg8bit_foggy_beta_0.02.txt,krefeld_000000_003937_leftImg8bit_foggy_beta_0.02.png
45,45,hanover_000000_011971_leftImg8bit.png,hanover_000000_011971_leftImg8bit_foggy_beta_0.02.txt,hanover_000000_011971_leftImg8bit_foggy_beta_0.02.png
46,46,strasbourg_000000_016247_leftImg8bit.png,strasbourg_000000_016247_leftImg8bit_foggy_beta_0.02.txt,strasbourg_000000_016247_leftImg8bit_foggy_beta_0.02.png
68,68,monchengladbach_000000_026602_leftImg8bit.png,monchengladbach_000000_026602_leftImg8bit_foggy_beta_0.02.txt,monchengladbach_000000_026602_leftImg8bit_foggy_beta_0.02.png
75,75,krefeld_000000_002083_leftImg8bit.png,krefeld_000000_002083_leftImg8bit_foggy_beta_0.02.txt,krefeld_000000_002083_leftImg8bit_foggy_beta_0.02.png
103,103,hanover_000000_050398_leftImg8bit.png,hanover_000000_050398_leftImg8bit_foggy_beta_0.02.txt,hanover_000000_050398_leftImg8bit_foggy_beta_0.02.png
108,108,bochum_000000_033056_leftImg8bit.png,bochum_000000_033056_leftImg8bit_foggy_beta_0.02.txt,bochum_000000_033056_leftImg8bit_foggy_beta_0.02.png
111,111,strasbourg_000000_030941_leftImg8bit.png,strasbourg_000000_030941_leftImg8bit_foggy_beta_0.02.txt,strasbourg_000000_030941_leftImg8bit_foggy_beta_0.02.png
113,113,monchengladbach_000000_027628_leftImg8bit.png,monchengladbach_000000_027628_leftImg8bit_foggy_beta_0.02.txt,monchengladbach_000000_027628_leftImg8bit_foggy_beta_0.02.png
121,121,jena_000018_000019_leftImg8bit.png,jena_000018_000019_leftImg8bit_foggy_beta_0.02.txt,jena_000018_000019_leftImg8bit_foggy_beta_0.02.png
153,153,stuttgart_000059_000019_leftImg8bit.png,stuttgart_000059_000019_leftImg8bit_foggy_beta_0.02.txt,stuttgart_000059_000019_leftImg8bit_foggy_beta_0.02.png
163,163,jena_000062_000019_leftImg8bit.png,jena_000062_000019_leftImg8bit_foggy_beta_0.02.txt,jena_000062_000019_leftImg8bit_foggy_beta_0.02.png
167,167,hamburg_000000_080674_leftImg8bit.png,hamburg_000000_080674_leftImg8bit_foggy_beta_0.02.txt,hamburg_000000_080674_leftImg8bit_foggy_beta_0.02.png
169,169,dusseldorf_000151_000019_leftImg8bit.png,dusseldorf_000151_000019_leftImg8bit_foggy_beta_0.02.txt,dusseldorf_000151_000019_leftImg8bit_foggy_beta_0.02.png
170,170,erfurt_000016_000019_leftImg8bit.png,erfurt_000016_000019_leftImg8bit_foggy_beta_0.02.txt,erfurt_000016_000019_leftImg8bit_foggy_beta_0.02.png
175,175,dusseldorf_000201_000019_leftImg8bit.png,dusseldorf_000201_000019_leftImg8bit_foggy_beta_0.02.txt,dusseldorf_000201_000019_leftImg8bit_foggy_beta_0.02.png
176,176,hanover_000000_016558_leftImg8bit.png,hanover_000000_016558_leftImg8bit_foggy_beta_0.02.txt,hanover_000000_016558_leftImg8bit_foggy_beta_0.02.png
183,183,tubingen_000064_000019_leftImg8bit.png,tubingen_000064_000019_leftImg8bit_foggy_beta_0.02.txt,tubingen_000064_000019_leftImg8bit_foggy_beta_0.02.png
185,185,aachen_000015_000019_leftImg8bit.png,aachen_000015_000019_leftImg8bit_foggy_beta_0.02.txt,aachen_000015_000019_leftImg8bit_foggy_beta_0.02.png
189,189,bremen_000017_000019_leftImg8bit.png,bremen_000017_000019_leftImg8bit_foggy_beta_0.02.txt,bremen_000017_000019_leftImg8bit_foggy_beta_0.02.png
191,191,monchengladbach_000000_031360_leftImg8bit.png,monchengladbach_000000_031360_leftImg8bit_foggy_beta_0.02.txt,monchengladbach_000000_031360_leftImg8bit_foggy_beta_0.02.png
192,192,stuttgart_000138_000019_leftImg8bit.png,stuttgart_000138_000019_leftImg8bit_foggy_beta_0.02.txt,stuttgart_000138_000019_leftImg8bit_foggy_beta_0.02.png
205,205,zurich_000094_000019_leftImg8bit.png,zurich_000094_000019_leftImg8bit_foggy_beta_0.02.txt,zurich_000094_000019_leftImg8bit_foggy_beta_0.02.png
210,210,strasbourg_000001_061685_leftImg8bit.png,strasbourg_000001_061685_leftImg8bit_foggy_beta_0.02.txt,strasbourg_000001_061685_leftImg8bit_foggy_beta_0.02.png
227,227,jena_000072_000019_leftImg8bit.png,jena_000072_000019_leftImg8bit_foggy_beta_0.02.txt,jena_000072_000019_leftImg8bit_foggy_beta_0.02.png
231,231,zurich_000115_000019_leftImg8bit.png,zurich_000115_000019_leftImg8bit_foggy_beta_0.02.txt,zurich_000115_000019_leftImg8bit_foggy_beta_0.02.png
232,232,weimar_000100_000019_leftImg8bit.png,weimar_000100_000019_leftImg8bit_foggy_beta_0.02.txt,weimar_000100_000019_leftImg8bit_foggy_beta_0.02.png
236,236,cologne_000061_000019_leftImg8bit.png,cologne_000061_000019_leftImg8bit_foggy_beta_0.02.txt,cologne_000061_000019_leftImg8bit_foggy_beta_0.02.png
244,244,bremen_000186_000019_leftImg8bit.png,bremen_000186_000019_leftImg8bit_foggy_beta_0.02.txt,bremen_000186_000019_leftImg8bit_foggy_beta_0.02.png
249,249,bochum_000000_001828_leftImg8bit.png,bochum_000000_001828_leftImg8bit_foggy_beta_0.02.txt,bochum_000000_001828_leftImg8bit_foggy_beta_0.02.png
250,250,stuttgart_000020_000019_leftImg8bit.png,stuttgart_000020_000019_leftImg8bit_foggy_beta_0.02.txt,stuttgart_000020_000019_leftImg8bit_foggy_beta_0.02.png
251,251,dusseldorf_000141_000019_leftImg8bit.png,dusseldorf_000141_000019_leftImg8bit_foggy_beta_0.02.txt,dusseldorf_000141_000019_leftImg8bit_foggy_beta_0.02.png
285,285,strasbourg_000000_025907_leftImg8bit.png,strasbourg_000000_025907_leftImg8bit_foggy_beta_0.02.txt,strasbourg_000000_025907_leftImg8bit_foggy_beta_0.02.png
293,293,bremen_000195_000019_leftImg8bit.png,bremen_000195_000019_leftImg8bit_foggy_beta_0.02.txt,bremen_000195_000019_leftImg8bit_foggy_beta_0.02.png
302,302,hamburg_000000_059720_leftImg8bit.png,hamburg_000000_059720_leftImg8bit_foggy_beta_0.02.txt,hamburg_000000_059720_leftImg8bit_foggy_beta_0.02.png
308,308,hanover_000000_011471_leftImg8bit.png,hanover_000000_011471_leftImg8bit_foggy_beta_0.02.txt,hanover_000000_011471_leftImg8bit_foggy_beta_0.02.png
309,309,aachen_000023_000019_leftImg8bit.png,aachen_000023_000019_leftImg8bit_foggy_beta_0.02.txt,aachen_000023_000019_leftImg8bit_foggy_beta_0.02.png
312,312,hamburg_000000_082187_leftImg8bit.png,hamburg_000000_082187_leftImg8bit_foggy_beta_0.02.txt,hamburg_000000_082187_leftImg8bit_foggy_beta_0.02.png
313,313,monchengladbach_000000_036139_leftImg8bit.png,monchengladbach_000000_036139_leftImg8bit_foggy_beta_0.02.txt,monchengladbach_000000_036139_leftImg8bit_foggy_beta_0.02.png
317,317,strasbourg_000001_063385_leftImg8bit.png,strasbourg_000001_063385_leftImg8bit_foggy_beta_0.02.txt,strasbourg_000001_063385_leftImg8bit_foggy_beta_0.02.png
318,318,tubingen_000133_000019_leftImg8bit.png,tubingen_000133_000019_leftImg8bit_foggy_beta_0.02.txt,tubingen_000133_000019_leftImg8bit_foggy_beta_0.02.png
320,320,ulm_000027_000019_leftImg8bit.png,ulm_000027_000019_leftImg8bit_foggy_beta_0.02.txt,ulm_000027_000019_leftImg8bit_foggy_beta_0.02.png
329,329,jena_000054_000019_leftImg8bit.png,jena_000054_000019_leftImg8bit_foggy_beta_0.02.txt,jena_000054_000019_leftImg8bit_foggy_beta_0.02.png
332,332,weimar_000126_000019_leftImg8bit.png,weimar_000126_000019_leftImg8bit_foggy_beta_0.02.txt,weimar_000126_000019_leftImg8bit_foggy_beta_0.02.png
333,333,strasbourg_000001_008771_leftImg8bit.png,strasbourg_000001_008771_leftImg8bit_foggy_beta_0.02.txt,strasbourg_000001_008771_leftImg8bit_foggy_beta_0.02.png
339,339,strasbourg_000000_022489_leftImg8bit.png,strasbourg_000000_022489_leftImg8bit_foggy_beta_0.02.txt,strasbourg_000000_022489_leftImg8bit_foggy_beta_0.02.png
342,342,monchengladbach_000001_002353_leftImg8bit.png,monchengladbach_000001_002353_leftImg8bit_foggy_beta_0.02.txt,monchengladbach_000001_002353_leftImg8bit_foggy_beta_0.02.png
361,361,zurich_000028_000019_leftImg8bit.png,zurich_000028_000019_leftImg8bit_foggy_beta_0.02.txt,zurich_000028_000019_leftImg8bit_foggy_beta_0.02.png
364,364,tubingen_000041_000019_leftImg8bit.png,tubingen_000041_000019_leftImg8bit_foggy_beta_0.02.txt,tubingen_000041_000019_leftImg8bit_foggy_beta_0.02.png
391,391,aachen_000099_000019_leftImg8bit.png,aachen_000099_000019_leftImg8bit_foggy_beta_0.02.txt,aachen_000099_000019_leftImg8bit_foggy_beta_0.02.png
399,399,weimar_000074_000019_leftImg8bit.png,weimar_000074_000019_leftImg8bit_foggy_beta_0.02.txt,weimar_000074_000019_leftImg8bit_foggy_beta_0.02.png
400,400,tubingen_000008_000019_leftImg8bit.png,tubingen_000008_000019_leftImg8bit_foggy_beta_0.02.txt,tubingen_000008_000019_leftImg8bit_foggy_beta_0.02.png
403,403,hamburg_000000_076392_leftImg8bit.png,hamburg_000000_076392_leftImg8bit_foggy_beta_0.02.txt,hamburg_000000_076392_leftImg8bit_foggy_beta_0.02.png
405,405,bremen_000012_000019_leftImg8bit.png,bremen_000012_000019_leftImg8bit_foggy_beta_0.02.txt,bremen_000012_000019_leftImg8bit_foggy_beta_0.02.png
412,412,strasbourg_000001_007524_leftImg8bit.png,strasbourg_000001_007524_leftImg8bit_foggy_beta_0.02.txt,strasbourg_000001_007524_leftImg8bit_foggy_beta_0.02.png
425,425,dusseldorf_000204_000019_leftImg8bit.png,dusseldorf_000204_000019_leftImg8bit_foggy_beta_0.02.txt,dusseldorf_000204_000019_leftImg8bit_foggy_beta_0.02.png
444,444,stuttgart_000147_000019_leftImg8bit.png,stuttgart_000147_000019_leftImg8bit_foggy_beta_0.02.txt,stuttgart_000147_000019_leftImg8bit_foggy_beta_0.02.png
447,447,dusseldorf_000026_000019_leftImg8bit.png,dusseldorf_000026_000019_leftImg8bit_foggy_beta_0.02.txt,dusseldorf_000026_000019_leftImg8bit_foggy_beta_0.02.png
454,454,hanover_000000_009420_leftImg8bit.png,hanover_000000_009420_leftImg8bit_foggy_beta_0.02.txt,hanover_000000_009420_leftImg8bit_foggy_beta_0.02.png
456,456,bremen_000001_000019_leftImg8bit.png,bremen_000001_000019_leftImg8bit_foggy_beta_0.02.txt,bremen_000001_000019_leftImg8bit_foggy_beta_0.02.png
483,483,strasbourg_000001_007864_leftImg8bit.png,strasbourg_000001_007864_leftImg8bit_foggy_beta_0.02.txt,strasbourg_000001_007864_leftImg8bit_foggy_beta_0.02.png
484,484,stuttgart_000026_000019_leftImg8bit.png,stuttgart_000026_000019_leftImg8bit_foggy_beta_0.02.txt,stuttgart_000026_000019_leftImg8bit_foggy_beta_0.02.png
485,485,dusseldorf_000147_000019_leftImg8bit.png,dusseldorf_000147_000019_leftImg8bit_foggy_beta_0.02.txt,dusseldorf_000147_000019_leftImg8bit_foggy_beta_0.02.png
491,491,aachen_000162_000019_leftImg8bit.png,aachen_000162_000019_leftImg8bit_foggy_beta_0.02.txt,aachen_000162_000019_leftImg8bit_foggy_beta_0.02.png
496,496,weimar_000052_000019_leftImg8bit.png,weimar_000052_000019_leftImg8bit_foggy_beta_0.02.txt,weimar_000052_000019_leftImg8bit_foggy_beta_0.02.png
499,499,hanover_000000_042382_leftImg8bit.png,hanover_000000_042382_leftImg8bit_foggy_beta_0.02.txt,hanover_000000_042382_leftImg8bit_foggy_beta_0.02.png
501,501,cologne_000133_000019_leftImg8bit.png,cologne_000133_000019_leftImg8bit_foggy_beta_0.02.txt,cologne_000133_000019_leftImg8bit_foggy_beta_0.02.png
504,504,aachen_000036_000019_leftImg8bit.png,aachen_000036_000019_leftImg8bit_foggy_beta_0.02.txt,aachen_000036_000019_leftImg8bit_foggy_beta_0.02.png
505,505,tubingen_000047_000019_leftImg8bit.png,tubingen_000047_000019_leftImg8bit_foggy_beta_0.02.txt,tubingen_000047_000019_leftImg8bit_foggy_beta_0.02.png
506,506,dusseldorf_000013_000019_leftImg8bit.png,dusseldorf_000013_000019_leftImg8bit_foggy_beta_0.02.txt,dusseldorf_000013_000019_leftImg8bit_foggy_beta_0.02.png
513,513,hamburg_000000_099902_leftImg8bit.png,hamburg_000000_099902_leftImg8bit_foggy_beta_0.02.txt,hamburg_000000_099902_leftImg8bit_foggy_beta_0.02.png
518,518,bremen_000205_000019_leftImg8bit.png,bremen_000205_000019_leftImg8bit_foggy_beta_0.02.txt,bremen_000205_000019_leftImg8bit_foggy_beta_0.02.png
520,520,weimar_000133_000019_leftImg8bit.png,weimar_000133_000019_leftImg8bit_foggy_beta_0.02.txt,weimar_000133_000019_leftImg8bit_foggy_beta_0.02.png
538,538,stuttgart_000161_000019_leftImg8bit.png,stuttgart_000161_000019_leftImg8bit_foggy_beta_0.02.txt,stuttgart_000161_000019_leftImg8bit_foggy_beta_0.02.png
557,557,tubingen_000135_000019_leftImg8bit.png,tubingen_000135_000019_leftImg8bit_foggy_beta_0.02.txt,tubingen_000135_000019_leftImg8bit_foggy_beta_0.02.png
563,563,stuttgart_000069_000019_leftImg8bit.png,stuttgart_000069_000019_leftImg8bit_foggy_beta_0.02.txt,stuttgart_000069_000019_leftImg8bit_foggy_beta_0.02.png
566,566,dusseldorf_000108_000019_leftImg8bit.png,dusseldorf_000108_000019_leftImg8bit_foggy_beta_0.02.txt,dusseldorf_000108_000019_leftImg8bit_foggy_beta_0.02.png
576,576,monchengladbach_000000_011383_leftImg8bit.png,monchengladbach_000000_011383_leftImg8bit_foggy_beta_0.02.txt,monchengladbach_000000_011383_leftImg8bit_foggy_beta_0.02.png
579,579,dusseldorf_000171_000019_leftImg8bit.png,dusseldorf_000171_000019_leftImg8bit_foggy_beta_0.02.txt,dusseldorf_000171_000019_leftImg8bit_foggy_beta_0.02.png
583,583,erfurt_000036_000019_leftImg8bit.png,erfurt_000036_000019_leftImg8bit_foggy_beta_0.02.txt,erfurt_000036_000019_leftImg8bit_foggy_beta_0.02.png
586,586,weimar_000130_000019_leftImg8bit.png,weimar_000130_000019_leftImg8bit_foggy_beta_0.02.txt,weimar_000130_000019_leftImg8bit_foggy_beta_0.02.png
587,587,ulm_000058_000019_leftImg8bit.png,ulm_000058_000019_leftImg8bit_foggy_beta_0.02.txt,ulm_000058_000019_leftImg8bit_foggy_beta_0.02.png
594,594,hamburg_000000_064825_leftImg8bit.png,hamburg_000000_064825_leftImg8bit_foggy_beta_0.02.txt,hamburg_000000_064825_leftImg8bit_foggy_beta_0.02.png
600,600,hamburg_000000_074139_leftImg8bit.png,hamburg_000000_074139_leftImg8bit_foggy_beta_0.02.txt,hamburg_000000_074139_leftImg8bit_foggy_beta_0.02.png
603,603,weimar_000051_000019_leftImg8bit.png,weimar_000051_000019_leftImg8bit_foggy_beta_0.02.txt,weimar_000051_000019_leftImg8bit_foggy_beta_0.02.png
607,607,strasbourg_000001_047955_leftImg8bit.png,strasbourg_000001_047955_leftImg8bit_foggy_beta_0.02.txt,strasbourg_000001_047955_leftImg8bit_foggy_beta_0.02.png
615,615,bochum_000000_015321_leftImg8bit.png,bochum_000000_015321_leftImg8bit_foggy_beta_0.02.txt,bochum_000000_015321_leftImg8bit_foggy_beta_0.02.png
617,617,hamburg_000000_036427_leftImg8bit.png,hamburg_000000_036427_leftImg8bit_foggy_beta_0.02.txt,hamburg_000000_036427_leftImg8bit_foggy_beta_0.02.png
623,623,hanover_000000_041493_leftImg8bit.png,hanover_000000_041493_leftImg8bit_foggy_beta_0.02.txt,hanover_000000_041493_leftImg8bit_foggy_beta_0.02.png
626,626,dusseldorf_000162_000019_leftImg8bit.png,dusseldorf_000162_000019_leftImg8bit_foggy_beta_0.02.txt,dusseldorf_000162_000019_leftImg8bit_foggy_beta_0.02.png
628,628,stuttgart_000003_000019_leftImg8bit.png,stuttgart_000003_000019_leftImg8bit_foggy_beta_0.02.txt,stuttgart_000003_000019_leftImg8bit_foggy_beta_0.02.png
635,635,strasbourg_000001_022363_leftImg8bit.png,strasbourg_000001_022363_leftImg8bit_foggy_beta_0.02.txt,strasbourg_000001_022363_leftImg8bit_foggy_beta_0.02.png
636,636,jena_000038_000019_leftImg8bit.png,jena_000038_000019_leftImg8bit_foggy_beta_0.02.txt,jena_000038_000019_leftImg8bit_foggy_beta_0.02.png
639,639,bremen_000145_000019_leftImg8bit.png,bremen_000145_000019_leftImg8bit_foggy_beta_0.02.txt,bremen_000145_000019_leftImg8bit_foggy_beta_0.02.png
648,648,hamburg_000000_066424_leftImg8bit.png,hamburg_000000_066424_leftImg8bit_foggy_beta_0.02.txt,hamburg_000000_066424_leftImg8bit_foggy_beta_0.02.png
650,650,bremen_000024_000019_leftImg8bit.png,bremen_000024_000019_leftImg8bit_foggy_beta_0.02.txt,bremen_000024_000019_leftImg8bit_foggy_beta_0.02.png
654,654,hamburg_000000_073999_leftImg8bit.png,hamburg_000000_073999_leftImg8bit_foggy_beta_0.02.txt,hamburg_000000_073999_leftImg8bit_foggy_beta_0.02.png
658,658,dusseldorf_000003_000019_leftImg8bit.png,dusseldorf_000003_000019_leftImg8bit_foggy_beta_0.02.txt,dusseldorf_000003_000019_leftImg8bit_foggy_beta_0.02.png
661,661,stuttgart_000162_000019_leftImg8bit.png,stuttgart_000162_000019_leftImg8bit_foggy_beta_0.02.txt,stuttgart_000162_000019_leftImg8bit_foggy_beta_0.02.png
666,666,zurich_000103_000019_leftImg8bit.png,zurich_000103_000019_leftImg8bit_foggy_beta_0.02.txt,zurich_000103_000019_leftImg8bit_foggy_beta_0.02.png
671,671,jena_000064_000019_leftImg8bit.png,jena_000064_000019_leftImg8bit_foggy_beta_0.02.txt,jena_000064_000019_leftImg8bit_foggy_beta_0.02.png
672,672,hamburg_000000_015350_leftImg8bit.png,hamburg_000000_015350_leftImg8bit_foggy_beta_0.02.txt,hamburg_000000_015350_leftImg8bit_foggy_beta_0.02.png
673,673,bremen_000170_000019_leftImg8bit.png,bremen_000170_000019_leftImg8bit_foggy_beta_0.02.txt,bremen_000170_000019_leftImg8bit_foggy_beta_0.02.png
678,678,bremen_000190_000019_leftImg8bit.png,bremen_000190_000019_leftImg8bit_foggy_beta_0.02.txt,bremen_000190_000019_leftImg8bit_foggy_beta_0.02.png
682,682,dusseldorf_000207_000019_leftImg8bit.png,dusseldorf_000207_000019_leftImg8bit_foggy_beta_0.02.txt,dusseldorf_000207_000019_leftImg8bit_foggy_beta_0.02.png
683,683,bremen_000249_000019_leftImg8bit.png,bremen_000249_000019_leftImg8bit_foggy_beta_0.02.txt,bremen_000249_000019_leftImg8bit_foggy_beta_0.02.png
685,685,tubingen_000103_000019_leftImg8bit.png,tubingen_000103_000019_leftImg8bit_foggy_beta_0.02.txt,tubingen_000103_000019_leftImg8bit_foggy_beta_0.02.png
687,687,strasbourg_000001_033925_leftImg8bit.png,strasbourg_000001_033925_leftImg8bit_foggy_beta_0.02.txt,strasbourg_000001_033925_leftImg8bit_foggy_beta_0.02.png
692,692,erfurt_000010_000019_leftImg8bit.png,erfurt_000010_000019_leftImg8bit_foggy_beta_0.02.txt,erfurt_000010_000019_leftImg8bit_foggy_beta_0.02.png
698,698,hanover_000000_048508_leftImg8bit.png,hanover_000000_048508_leftImg8bit_foggy_beta_0.02.txt,hanover_000000_048508_leftImg8bit_foggy_beta_0.02.png
699,699,stuttgart_000157_000019_leftImg8bit.png,stuttgart_000157_000019_leftImg8bit_foggy_beta_0.02.txt,stuttgart_000157_000019_leftImg8bit_foggy_beta_0.02.png
700,700,zurich_000082_000019_leftImg8bit.png,zurich_000082_000019_leftImg8bit_foggy_beta_0.02.txt,zurich_000082_000019_leftImg8bit_foggy_beta_0.02.png
701,701,bremen_000078_000019_leftImg8bit.png,bremen_000078_000019_leftImg8bit_foggy_beta_0.02.txt,bremen_000078_000019_leftImg8bit_foggy_beta_0.02.png
703,703,jena_000105_000019_leftImg8bit.png,jena_000105_000019_leftImg8bit_foggy_beta_0.02.txt,jena_000105_000019_leftImg8bit_foggy_beta_0.02.png
704,704,strasbourg_000001_043886_leftImg8bit.png,strasbourg_000001_043886_leftImg8bit_foggy_beta_0.02.txt,strasbourg_000001_043886_leftImg8bit_foggy_beta_0.02.png
714,714,cologne_000116_000019_leftImg8bit.png,cologne_000116_000019_leftImg8bit_foggy_beta_0.02.txt,cologne_000116_000019_leftImg8bit_foggy_beta_0.02.png
718,718,monchengladbach_000000_020856_leftImg8bit.png,monchengladbach_000000_020856_leftImg8bit_foggy_beta_0.02.txt,monchengladbach_000000_020856_leftImg8bit_foggy_beta_0.02.png
720,720,zurich_000110_000019_leftImg8bit.png,zurich_000110_000019_leftImg8bit_foggy_beta_0.02.txt,zurich_000110_000019_leftImg8bit_foggy_beta_0.02.png
728,728,erfurt_000003_000019_leftImg8bit.png,erfurt_000003_000019_leftImg8bit_foggy_beta_0.02.txt,erfurt_000003_000019_leftImg8bit_foggy_beta_0.02.png
744,744,strasbourg_000001_023271_leftImg8bit.png,strasbourg_000001_023271_leftImg8bit_foggy_beta_0.02.txt,strasbourg_000001_023271_leftImg8bit_foggy_beta_0.02.png
756,756,zurich_000071_000019_leftImg8bit.png,zurich_000071_000019_leftImg8bit_foggy_beta_0.02.txt,zurich_000071_000019_leftImg8bit_foggy_beta_0.02.png
759,759,darmstadt_000067_000019_leftImg8bit.png,darmstadt_000067_000019_leftImg8bit_foggy_beta_0.02.txt,darmstadt_000067_000019_leftImg8bit_foggy_beta_0.02.png
761,761,strasbourg_000001_005219_leftImg8bit.png,strasbourg_000001_005219_leftImg8bit_foggy_beta_0.02.txt,strasbourg_000001_005219_leftImg8bit_foggy_beta_0.02.png
764,764,bremen_000301_000019_leftImg8bit.png,bremen_000301_000019_leftImg8bit_foggy_beta_0.02.txt,bremen_000301_000019_leftImg8bit_foggy_beta_0.02.png
765,765,bochum_000000_010562_leftImg8bit.png,bochum_000000_010562_leftImg8bit_foggy_beta_0.02.txt,bochum_000000_010562_leftImg8bit_foggy_beta_0.02.png
772,772,tubingen_000022_000019_leftImg8bit.png,tubingen_000022_000019_leftImg8bit_foggy_beta_0.02.txt,tubingen_000022_000019_leftImg8bit_foggy_beta_0.02.png
778,778,tubingen_000143_000019_leftImg8bit.png,tubingen_000143_000019_leftImg8bit_foggy_beta_0.02.txt,tubingen_000143_000019_leftImg8bit_foggy_beta_0.02.png
779,779,strasbourg_000000_014235_leftImg8bit.png,strasbourg_000000_014235_leftImg8bit_foggy_beta_0.02.txt,strasbourg_000000_014235_leftImg8bit_foggy_beta_0.02.png
787,787,bremen_000159_000019_leftImg8bit.png,bremen_000159_000019_leftImg8bit_foggy_beta_0.02.txt,bremen_000159_000019_leftImg8bit_foggy_beta_0.02.png
790,790,bremen_000260_000019_leftImg8bit.png,bremen_000260_000019_leftImg8bit_foggy_beta_0.02.txt,bremen_000260_000019_leftImg8bit_foggy_beta_0.02.png
801,801,hanover_000000_027481_leftImg8bit.png,hanover_000000_027481_leftImg8bit_foggy_beta_0.02.txt,hanover_000000_027481_leftImg8bit_foggy_beta_0.02.png
802,802,hamburg_000000_077756_leftImg8bit.png,hamburg_000000_077756_leftImg8bit_foggy_beta_0.02.txt,hamburg_000000_077756_leftImg8bit_foggy_beta_0.02.png
810,810,tubingen_000058_000019_leftImg8bit.png,tubingen_000058_000019_leftImg8bit_foggy_beta_0.02.txt,tubingen_000058_000019_leftImg8bit_foggy_beta_0.02.png
811,811,hamburg_000000_081299_leftImg8bit.png,hamburg_000000_081299_leftImg8bit_foggy_beta_0.02.txt,hamburg_000000_081299_leftImg8bit_foggy_beta_0.02.png
815,815,hanover_000000_006355_leftImg8bit.png,hanover_000000_006355_leftImg8bit_foggy_beta_0.02.txt,hanover_000000_006355_leftImg8bit_foggy_beta_0.02.png
818,818,zurich_000058_000019_leftImg8bit.png,zurich_000058_000019_leftImg8bit_foggy_beta_0.02.txt,zurich_000058_000019_leftImg8bit_foggy_beta_0.02.png
819,819,tubingen_000031_000019_leftImg8bit.png,tubingen_000031_000019_leftImg8bit_foggy_beta_0.02.txt,tubingen_000031_000019_leftImg8bit_foggy_beta_0.02.png
838,838,bremen_000273_000019_leftImg8bit.png,bremen_000273_000019_leftImg8bit_foggy_beta_0.02.txt,bremen_000273_000019_leftImg8bit_foggy_beta_0.02.png
849,849,strasbourg_000001_001072_leftImg8bit.png,strasbourg_000001_001072_leftImg8bit_foggy_beta_0.02.txt,strasbourg_000001_001072_leftImg8bit_foggy_beta_0.02.png
853,853,stuttgart_000131_000019_leftImg8bit.png,stuttgart_000131_000019_leftImg8bit_foggy_beta_0.02.txt,stuttgart_000131_000019_leftImg8bit_foggy_beta_0.02.png
857,857,weimar_000011_000019_leftImg8bit.png,weimar_000011_000019_leftImg8bit_foggy_beta_0.02.txt,weimar_000011_000019_leftImg8bit_foggy_beta_0.02.png
870,870,jena_000002_000019_leftImg8bit.png,jena_000002_000019_leftImg8bit_foggy_beta_0.02.txt,jena_000002_000019_leftImg8bit_foggy_beta_0.02.png
871,871,krefeld_000000_012505_leftImg8bit.png,krefeld_000000_012505_leftImg8bit_foggy_beta_0.02.txt,krefeld_000000_012505_leftImg8bit_foggy_beta_0.02.png
873,873,cologne_000098_000019_leftImg8bit.png,cologne_000098_000019_leftImg8bit_foggy_beta_0.02.txt,cologne_000098_000019_leftImg8bit_foggy_beta_0.02.png
877,877,bremen_000116_000019_leftImg8bit.png,bremen_000116_000019_leftImg8bit_foggy_beta_0.02.txt,bremen_000116_000019_leftImg8bit_foggy_beta_0.02.png
883,883,strasbourg_000001_010755_leftImg8bit.png,strasbourg_000001_010755_leftImg8bit_foggy_beta_0.02.txt,strasbourg_000001_010755_leftImg8bit_foggy_beta_0.02.png
884,884,ulm_000071_000019_leftImg8bit.png,ulm_000071_000019_leftImg8bit_foggy_beta_0.02.txt,ulm_000071_000019_leftImg8bit_foggy_beta_0.02.png
885,885,weimar_000119_000019_leftImg8bit.png,weimar_000119_000019_leftImg8bit_foggy_beta_0.02.txt,weimar_000119_000019_leftImg8bit_foggy_beta_0.02.png
893,893,stuttgart_000050_000019_leftImg8bit.png,stuttgart_000050_000019_leftImg8bit_foggy_beta_0.02.txt,stuttgart_000050_000019_leftImg8bit_foggy_beta_0.02.png
902,902,hanover_000000_007780_leftImg8bit.png,hanover_000000_007780_leftImg8bit_foggy_beta_0.02.txt,hanover_000000_007780_leftImg8bit_foggy_beta_0.02.png
914,914,strasbourg_000000_007441_leftImg8bit.png,strasbourg_000000_007441_leftImg8bit_foggy_beta_0.02.txt,strasbourg_000000_007441_leftImg8bit_foggy_beta_0.02.png
915,915,monchengladbach_000000_002972_leftImg8bit.png,monchengladbach_000000_002972_leftImg8bit_foggy_beta_0.02.txt,monchengladbach_000000_002972_leftImg8bit_foggy_beta_0.02.png
925,925,hamburg_000000_070444_leftImg8bit.png,hamburg_000000_070444_leftImg8bit_foggy_beta_0.02.txt,hamburg_000000_070444_leftImg8bit_foggy_beta_0.02.png
927,927,dusseldorf_000122_000019_leftImg8bit.png,dusseldorf_000122_000019_leftImg8bit_foggy_beta_0.02.txt,dusseldorf_000122_000019_leftImg8bit_foggy_beta_0.02.png
929,929,stuttgart_000043_000019_leftImg8bit.png,stuttgart_000043_000019_leftImg8bit_foggy_beta_0.02.txt,stuttgart_000043_000019_leftImg8bit_foggy_beta_0.02.png
939,939,jena_000001_000019_leftImg8bit.png,jena_000001_000019_leftImg8bit_foggy_beta_0.02.txt,jena_000001_000019_leftImg8bit_foggy_beta_0.02.png
950,950,dusseldorf_000132_000019_leftImg8bit.png,dusseldorf_000132_000019_leftImg8bit_foggy_beta_0.02.txt,dusseldorf_000132_000019_leftImg8bit_foggy_beta_0.02.png
959,959,jena_000109_000019_leftImg8bit.png,jena_000109_000019_leftImg8bit_foggy_beta_0.02.txt,jena_000109_000019_leftImg8bit_foggy_beta_0.02.png
964,964,strasbourg_000001_016481_leftImg8bit.png,strasbourg_000001_016481_leftImg8bit_foggy_beta_0.02.txt,strasbourg_000001_016481_leftImg8bit_foggy_beta_0.02.png
975,975,weimar_000012_000019_leftImg8bit.png,weimar_000012_000019_leftImg8bit_foggy_beta_0.02.txt,weimar_000012_000019_leftImg8bit_foggy_beta_0.02.png
976,976,darmstadt_000042_000019_leftImg8bit.png,darmstadt_000042_000019_leftImg8bit_foggy_beta_0.02.txt,darmstadt_000042_000019_leftImg8bit_foggy_beta_0.02.png
977,977,aachen_000096_000019_leftImg8bit.png,aachen_000096_000019_leftImg8bit_foggy_beta_0.02.txt,aachen_000096_000019_leftImg8bit_foggy_beta_0.02.png
978,978,bremen_000074_000019_leftImg8bit.png,bremen_000074_000019_leftImg8bit_foggy_beta_0.02.txt,bremen_000074_000019_leftImg8bit_foggy_beta_0.02.png
979,979,strasbourg_000001_002354_leftImg8bit.png,strasbourg_000001_002354_leftImg8bit_foggy_beta_0.02.txt,strasbourg_000001_002354_leftImg8bit_foggy_beta_0.02.png
986,986,bremen_000106_000019_leftImg8bit.png,bremen_000106_000019_leftImg8bit_foggy_beta_0.02.txt,bremen_000106_000019_leftImg8bit_foggy_beta_0.02.png
998,998,dusseldorf_000121_000019_leftImg8bit.png,dusseldorf_000121_000019_leftImg8bit_foggy_beta_0.02.txt,dusseldorf_000121_000019_leftImg8bit_foggy_beta_0.02.png
1012,1012,cologne_000109_000019_leftImg8bit.png,cologne_000109_000019_leftImg8bit_foggy_beta_0.02.txt,cologne_000109_000019_leftImg8bit_foggy_beta_0.02.png
1014,1014,tubingen_000014_000019_leftImg8bit.png,tubingen_000014_000019_leftImg8bit_foggy_beta_0.02.txt,tubingen_000014_000019_leftImg8bit_foggy_beta_0.02.png
1020,1020,weimar_000068_000019_leftImg8bit.png,weimar_000068_000019_leftImg8bit_foggy_beta_0.02.txt,weimar_000068_000019_leftImg8bit_foggy_beta_0.02.png
1030,1030,weimar_000001_000019_leftImg8bit.png,weimar_000001_000019_leftImg8bit_foggy_beta_0.02.txt,weimar_000001_000019_leftImg8bit_foggy_beta_0.02.png
1035,1035,ulm_000054_000019_leftImg8bit.png,ulm_000054_000019_leftImg8bit_foggy_beta_0.02.txt,ulm_000054_000019_leftImg8bit_foggy_beta_0.02.png
1037,1037,tubingen_000140_000019_leftImg8bit.png,tubingen_000140_000019_leftImg8bit_foggy_beta_0.02.txt,tubingen_000140_000019_leftImg8bit_foggy_beta_0.02.png
1046,1046,hanover_000000_020655_leftImg8bit.png,hanover_000000_020655_leftImg8bit_foggy_beta_0.02.txt,hanover_000000_020655_leftImg8bit_foggy_beta_0.02.png
1047,1047,stuttgart_000095_000019_leftImg8bit.png,stuttgart_000095_000019_leftImg8bit_foggy_beta_0.02.txt,stuttgart_000095_000019_leftImg8bit_foggy_beta_0.02.png
1060,1060,dusseldorf_000095_000019_leftImg8bit.png,dusseldorf_000095_000019_leftImg8bit_foggy_beta_0.02.txt,dusseldorf_000095_000019_leftImg8bit_foggy_beta_0.02.png
1068,1068,zurich_000048_000019_leftImg8bit.png,zurich_000048_000019_leftImg8bit_foggy_beta_0.02.txt,zurich_000048_000019_leftImg8bit_foggy_beta_0.02.png
1069,1069,aachen_000050_000019_leftImg8bit.png,aachen_000050_000019_leftImg8bit_foggy_beta_0.02.txt,aachen_000050_000019_leftImg8bit_foggy_beta_0.02.png
1075,1075,darmstadt_000084_000019_leftImg8bit.png,darmstadt_000084_000019_leftImg8bit_foggy_beta_0.02.txt,darmstadt_000084_000019_leftImg8bit_foggy_beta_0.02.png
1076,1076,stuttgart_000066_000019_leftImg8bit.png,stuttgart_000066_000019_leftImg8bit_foggy_beta_0.02.txt,stuttgart_000066_000019_leftImg8bit_foggy_beta_0.02.png
1078,1078,bremen_000149_000019_leftImg8bit.png,bremen_000149_000019_leftImg8bit_foggy_beta_0.02.txt,bremen_000149_000019_leftImg8bit_foggy_beta_0.02.png
1080,1080,monchengladbach_000000_019500_leftImg8bit.png,monchengladbach_000000_019500_leftImg8bit_foggy_beta_0.02.txt,monchengladbach_000000_019500_leftImg8bit_foggy_beta_0.02.png
1094,1094,jena_000034_000019_leftImg8bit.png,jena_000034_000019_leftImg8bit_foggy_beta_0.02.txt,jena_000034_000019_leftImg8bit_foggy_beta_0.02.png
1097,1097,monchengladbach_000000_035650_leftImg8bit.png,monchengladbach_000000_035650_leftImg8bit_foggy_beta_0.02.txt,monchengladbach_000000_035650_leftImg8bit_foggy_beta_0.02.png
1102,1102,cologne_000146_000019_leftImg8bit.png,cologne_000146_000019_leftImg8bit_foggy_beta_0.02.txt,cologne_000146_000019_leftImg8bit_foggy_beta_0.02.png
1104,1104,darmstadt_000077_000019_leftImg8bit.png,darmstadt_000077_000019_leftImg8bit_foggy_beta_0.02.txt,darmstadt_000077_000019_leftImg8bit_foggy_beta_0.02.png
1105,1105,dusseldorf_000086_000019_leftImg8bit.png,dusseldorf_000086_000019_leftImg8bit_foggy_beta_0.02.txt,dusseldorf_000086_000019_leftImg8bit_foggy_beta_0.02.png
1108,1108,hanover_000000_052887_leftImg8bit.png,hanover_000000_052887_leftImg8bit_foggy_beta_0.02.txt,hanover_000000_052887_leftImg8bit_foggy_beta_0.02.png
1123,1123,hamburg_000000_071942_leftImg8bit.png,hamburg_000000_071942_leftImg8bit_foggy_beta_0.02.txt,hamburg_000000_071942_leftImg8bit_foggy_beta_0.02.png
1129,1129,ulm_000067_000019_leftImg8bit.png,ulm_000067_000019_leftImg8bit_foggy_beta_0.02.txt,ulm_000067_000019_leftImg8bit_foggy_beta_0.02.png
1134,1134,dusseldorf_000127_000019_leftImg8bit.png,dusseldorf_000127_000019_leftImg8bit_foggy_beta_0.02.txt,dusseldorf_000127_000019_leftImg8bit_foggy_beta_0.02.png
1138,1138,hanover_000000_008017_leftImg8bit.png,hanover_000000_008017_leftImg8bit_foggy_beta_0.02.txt,hanover_000000_008017_leftImg8bit_foggy_beta_0.02.png
1139,1139,stuttgart_000046_000019_leftImg8bit.png,stuttgart_000046_000019_leftImg8bit_foggy_beta_0.02.txt,stuttgart_000046_000019_leftImg8bit_foggy_beta_0.02.png
1143,1143,tubingen_000012_000019_leftImg8bit.png,tubingen_000012_000019_leftImg8bit_foggy_beta_0.02.txt,tubingen_000012_000019_leftImg8bit_foggy_beta_0.02.png
1149,1149,erfurt_000101_000019_leftImg8bit.png,erfurt_000101_000019_leftImg8bit_foggy_beta_0.02.txt,erfurt_000101_000019_leftImg8bit_foggy_beta_0.02.png
1159,1159,hamburg_000000_088783_leftImg8bit.png,hamburg_000000_088783_leftImg8bit_foggy_beta_0.02.txt,hamburg_000000_088783_leftImg8bit_foggy_beta_0.02.png
1160,1160,strasbourg_000001_022836_leftImg8bit.png,strasbourg_000001_022836_leftImg8bit_foggy_beta_0.02.txt,strasbourg_000001_022836_leftImg8bit_foggy_beta_0.02.png
1175,1175,stuttgart_000055_000019_leftImg8bit.png,stuttgart_000055_000019_leftImg8bit_foggy_beta_0.02.txt,stuttgart_000055_000019_leftImg8bit_foggy_beta_0.02.png
1188,1188,stuttgart_000134_000019_leftImg8bit.png,stuttgart_000134_000019_leftImg8bit_foggy_beta_0.02.txt,stuttgart_000134_000019_leftImg8bit_foggy_beta_0.02.png
1189,1189,krefeld_000000_000316_leftImg8bit.png,krefeld_000000_000316_leftImg8bit_foggy_beta_0.02.txt,krefeld_000000_000316_leftImg8bit_foggy_beta_0.02.png
1190,1190,hanover_000000_002140_leftImg8bit.png,hanover_000000_002140_leftImg8bit_foggy_beta_0.02.txt,hanover_000000_002140_leftImg8bit_foggy_beta_0.02.png
1196,1196,zurich_000068_000019_leftImg8bit.png,zurich_000068_000019_leftImg8bit_foggy_beta_0.02.txt,zurich_000068_000019_leftImg8bit_foggy_beta_0.02.png
1200,1200,krefeld_000000_008584_leftImg8bit.png,krefeld_000000_008584_leftImg8bit_foggy_beta_0.02.txt,krefeld_000000_008584_leftImg8bit_foggy_beta_0.02.png
1208,1208,darmstadt_000044_000019_leftImg8bit.png,darmstadt_000044_000019_leftImg8bit_foggy_beta_0.02.txt,darmstadt_000044_000019_leftImg8bit_foggy_beta_0.02.png
1222,1222,weimar_000140_000019_leftImg8bit.png,weimar_000140_000019_leftImg8bit_foggy_beta_0.02.txt,weimar_000140_000019_leftImg8bit_foggy_beta_0.02.png
1224,1224,jena_000032_000019_leftImg8bit.png,jena_000032_000019_leftImg8bit_foggy_beta_0.02.txt,jena_000032_000019_leftImg8bit_foggy_beta_0.02.png
1230,1230,stuttgart_000009_000019_leftImg8bit.png,stuttgart_000009_000019_leftImg8bit_foggy_beta_0.02.txt,stuttgart_000009_000019_leftImg8bit_foggy_beta_0.02.png
1231,1231,hamburg_000000_064269_leftImg8bit.png,hamburg_000000_064269_leftImg8bit_foggy_beta_0.02.txt,hamburg_000000_064269_leftImg8bit_foggy_beta_0.02.png
1235,1235,zurich_000034_000019_leftImg8bit.png,zurich_000034_000019_leftImg8bit_foggy_beta_0.02.txt,zurich_000034_000019_leftImg8bit_foggy_beta_0.02.png
1237,1237,hamburg_000000_056508_leftImg8bit.png,hamburg_000000_056508_leftImg8bit_foggy_beta_0.02.txt,hamburg_000000_056508_leftImg8bit_foggy_beta_0.02.png
1238,1238,hanover_000000_048379_leftImg8bit.png,hanover_000000_048379_leftImg8bit_foggy_beta_0.02.txt,hanover_000000_048379_leftImg8bit_foggy_beta_0.02.png
1248,1248,tubingen_000034_000019_leftImg8bit.png,tubingen_000034_000019_leftImg8bit_foggy_beta_0.02.txt,tubingen_000034_000019_leftImg8bit_foggy_beta_0.02.png
1251,1251,weimar_000048_000019_leftImg8bit.png,weimar_000048_000019_leftImg8bit_foggy_beta_0.02.txt,weimar_000048_000019_leftImg8bit_foggy_beta_0.02.png
1254,1254,cologne_000129_000019_leftImg8bit.png,cologne_000129_000019_leftImg8bit_foggy_beta_0.02.txt,cologne_000129_000019_leftImg8bit_foggy_beta_0.02.png
1261,1261,bremen_000285_000019_leftImg8bit.png,bremen_000285_000019_leftImg8bit_foggy_beta_0.02.txt,bremen_000285_000019_leftImg8bit_foggy_beta_0.02.png
1267,1267,bochum_000000_034936_leftImg8bit.png,bochum_000000_034936_leftImg8bit_foggy_beta_0.02.txt,bochum_000000_034936_leftImg8bit_foggy_beta_0.02.png
1274,1274,strasbourg_000001_037645_leftImg8bit.png,strasbourg_000001_037645_leftImg8bit_foggy_beta_0.02.txt,strasbourg_000001_037645_leftImg8bit_foggy_beta_0.02.png
1279,1279,cologne_000153_000019_leftImg8bit.png,cologne_000153_000019_leftImg8bit_foggy_beta_0.02.txt,cologne_000153_000019_leftImg8bit_foggy_beta_0.02.png
1286,1286,zurich_000027_000019_leftImg8bit.png,zurich_000027_000019_leftImg8bit_foggy_beta_0.02.txt,zurich_000027_000019_leftImg8bit_foggy_beta_0.02.png
1292,1292,hanover_000000_023975_leftImg8bit.png,hanover_000000_023975_leftImg8bit_foggy_beta_0.02.txt,hanover_000000_023975_leftImg8bit_foggy_beta_0.02.png
1298,1298,monchengladbach_000000_021663_leftImg8bit.png,monchengladbach_000000_021663_leftImg8bit_foggy_beta_0.02.txt,monchengladbach_000000_021663_leftImg8bit_foggy_beta_0.02.png
1302,1302,zurich_000037_000019_leftImg8bit.png,zurich_000037_000019_leftImg8bit_foggy_beta_0.02.txt,zurich_000037_000019_leftImg8bit_foggy_beta_0.02.png
1304,1304,bochum_000000_016260_leftImg8bit.png,bochum_000000_016260_leftImg8bit_foggy_beta_0.02.txt,bochum_000000_016260_leftImg8bit_foggy_beta_0.02.png
1306,1306,strasbourg_000001_031976_leftImg8bit.png,strasbourg_000001_031976_leftImg8bit_foggy_beta_0.02.txt,strasbourg_000001_031976_leftImg8bit_foggy_beta_0.02.png
1314,1314,strasbourg_000001_010162_leftImg8bit.png,strasbourg_000001_010162_leftImg8bit_foggy_beta_0.02.txt,strasbourg_000001_010162_leftImg8bit_foggy_beta_0.02.png
1316,1316,stuttgart_000102_000019_leftImg8bit.png,stuttgart_000102_000019_leftImg8bit_foggy_beta_0.02.txt,stuttgart_000102_000019_leftImg8bit_foggy_beta_0.02.png
1320,1320,strasbourg_000000_014584_leftImg8bit.png,strasbourg_000000_014584_leftImg8bit_foggy_beta_0.02.txt,strasbourg_000000_014584_leftImg8bit_foggy_beta_0.02.png
1332,1332,bremen_000275_000019_leftImg8bit.png,bremen_000275_000019_leftImg8bit_foggy_beta_0.02.txt,bremen_000275_000019_leftImg8bit_foggy_beta_0.02.png
1334,1334,monchengladbach_000000_015685_leftImg8bit.png,monchengladbach_000000_015685_leftImg8bit_foggy_beta_0.02.txt,monchengladbach_000000_015685_leftImg8bit_foggy_beta_0.02.png
1335,1335,krefeld_000000_020033_leftImg8bit.png,krefeld_000000_020033_leftImg8bit_foggy_beta_0.02.txt,krefeld_000000_020033_leftImg8bit_foggy_beta_0.02.png
1345,1345,hamburg_000000_106102_leftImg8bit.png,hamburg_000000_106102_leftImg8bit_foggy_beta_0.02.txt,hamburg_000000_106102_leftImg8bit_foggy_beta_0.02.png
1349,1349,strasbourg_000001_055273_leftImg8bit.png,strasbourg_000001_055273_leftImg8bit_foggy_beta_0.02.txt,strasbourg_000001_055273_leftImg8bit_foggy_beta_0.02.png
1350,1350,dusseldorf_000090_000019_leftImg8bit.png,dusseldorf_000090_000019_leftImg8bit_foggy_beta_0.02.txt,dusseldorf_000090_000019_leftImg8bit_foggy_beta_0.02.png
1358,1358,dusseldorf_000070_000019_leftImg8bit.png,dusseldorf_000070_000019_leftImg8bit_foggy_beta_0.02.txt,dusseldorf_000070_000019_leftImg8bit_foggy_beta_0.02.png
1373,1373,dusseldorf_000111_000019_leftImg8bit.png,dusseldorf_000111_000019_leftImg8bit_foggy_beta_0.02.txt,dusseldorf_000111_000019_leftImg8bit_foggy_beta_0.02.png
1375,1375,weimar_000139_000019_leftImg8bit.png,weimar_000139_000019_leftImg8bit_foggy_beta_0.02.txt,weimar_000139_000019_leftImg8bit_foggy_beta_0.02.png
1385,1385,strasbourg_000000_028240_leftImg8bit.png,strasbourg_000000_028240_leftImg8bit_foggy_beta_0.02.txt,strasbourg_000000_028240_leftImg8bit_foggy_beta_0.02.png
1386,1386,bremen_000266_000019_leftImg8bit.png,bremen_000266_000019_leftImg8bit_foggy_beta_0.02.txt,bremen_000266_000019_leftImg8bit_foggy_beta_0.02.png
1396,1396,hamburg_000000_040021_leftImg8bit.png,hamburg_000000_040021_leftImg8bit_foggy_beta_0.02.txt,hamburg_000000_040021_leftImg8bit_foggy_beta_0.02.png
1401,1401,weimar_000004_000019_leftImg8bit.png,weimar_000004_000019_leftImg8bit_foggy_beta_0.02.txt,weimar_000004_000019_leftImg8bit_foggy_beta_0.02.png
1403,1403,zurich_000011_000019_leftImg8bit.png,zurich_000011_000019_leftImg8bit_foggy_beta_0.02.txt,zurich_000011_000019_leftImg8bit_foggy_beta_0.02.png
1409,1409,aachen_000080_000019_leftImg8bit.png,aachen_000080_000019_leftImg8bit_foggy_beta_0.02.txt,aachen_000080_000019_leftImg8bit_foggy_beta_0.02.png
1412,1412,strasbourg_000001_020904_leftImg8bit.png,strasbourg_000001_020904_leftImg8bit_foggy_beta_0.02.txt,strasbourg_000001_020904_leftImg8bit_foggy_beta_0.02.png
1413,1413,jena_000017_000019_leftImg8bit.png,jena_000017_000019_leftImg8bit_foggy_beta_0.02.txt,jena_000017_000019_leftImg8bit_foggy_beta_0.02.png
1417,1417,aachen_000168_000019_leftImg8bit.png,aachen_000168_000019_leftImg8bit_foggy_beta_0.02.txt,aachen_000168_000019_leftImg8bit_foggy_beta_0.02.png
1422,1422,hamburg_000000_077642_leftImg8bit.png,hamburg_000000_077642_leftImg8bit_foggy_beta_0.02.txt,hamburg_000000_077642_leftImg8bit_foggy_beta_0.02.png
1423,1423,hamburg_000000_092850_leftImg8bit.png,hamburg_000000_092850_leftImg8bit_foggy_beta_0.02.txt,hamburg_000000_092850_leftImg8bit_foggy_beta_0.02.png
1425,1425,hanover_000000_037039_leftImg8bit.png,hanover_000000_037039_leftImg8bit_foggy_beta_0.02.txt,hanover_000000_037039_leftImg8bit_foggy_beta_0.02.png
1430,1430,stuttgart_000045_000019_leftImg8bit.png,stuttgart_000045_000019_leftImg8bit_foggy_beta_0.02.txt,stuttgart_000045_000019_leftImg8bit_foggy_beta_0.02.png
1432,1432,hanover_000000_030546_leftImg8bit.png,hanover_000000_030546_leftImg8bit_foggy_beta_0.02.txt,hanover_000000_030546_leftImg8bit_foggy_beta_0.02.png
1435,1435,stuttgart_000137_000019_leftImg8bit.png,stuttgart_000137_000019_leftImg8bit_foggy_beta_0.02.txt,stuttgart_000137_000019_leftImg8bit_foggy_beta_0.02.png
1439,1439,aachen_000073_000019_leftImg8bit.png,aachen_000073_000019_leftImg8bit_foggy_beta_0.02.txt,aachen_000073_000019_leftImg8bit_foggy_beta_0.02.png
1459,1459,erfurt_000090_000019_leftImg8bit.png,erfurt_000090_000019_leftImg8bit_foggy_beta_0.02.txt,erfurt_000090_000019_leftImg8bit_foggy_beta_0.02.png
1460,1460,bremen_000240_000019_leftImg8bit.png,bremen_000240_000019_leftImg8bit_foggy_beta_0.02.txt,bremen_000240_000019_leftImg8bit_foggy_beta_0.02.png
1461,1461,jena_000004_000019_leftImg8bit.png,jena_000004_000019_leftImg8bit_foggy_beta_0.02.txt,jena_000004_000019_leftImg8bit_foggy_beta_0.02.png
1463,1463,strasbourg_000001_005666_leftImg8bit.png,strasbourg_000001_005666_leftImg8bit_foggy_beta_0.02.txt,strasbourg_000001_005666_leftImg8bit_foggy_beta_0.02.png
1464,1464,bremen_000199_000019_leftImg8bit.png,bremen_000199_000019_leftImg8bit_foggy_beta_0.02.txt,bremen_000199_000019_leftImg8bit_foggy_beta_0.02.png
1472,1472,hamburg_000000_045908_leftImg8bit.png,hamburg_000000_045908_leftImg8bit_foggy_beta_0.02.txt,hamburg_000000_045908_leftImg8bit_foggy_beta_0.02.png
1474,1474,strasbourg_000001_018155_leftImg8bit.png,strasbourg_000001_018155_leftImg8bit_foggy_beta_0.02.txt,strasbourg_000001_018155_leftImg8bit_foggy_beta_0.02.png
1477,1477,strasbourg_000001_017844_leftImg8bit.png,strasbourg_000001_017844_leftImg8bit_foggy_beta_0.02.txt,strasbourg_000001_017844_leftImg8bit_foggy_beta_0.02.png
1486,1486,strasbourg_000001_059914_leftImg8bit.png,strasbourg_000001_059914_leftImg8bit_foggy_beta_0.02.txt,strasbourg_000001_059914_leftImg8bit_foggy_beta_0.02.png
1491,1491,strasbourg_000000_035713_leftImg8bit.png,strasbourg_000000_035713_leftImg8bit_foggy_beta_0.02.txt,strasbourg_000000_035713_leftImg8bit_foggy_beta_0.02.png
1496,1496,dusseldorf_000179_000019_leftImg8bit.png,dusseldorf_000179_000019_leftImg8bit_foggy_beta_0.02.txt,dusseldorf_000179_000019_leftImg8bit_foggy_beta_0.02.png
1501,1501,stuttgart_000091_000019_leftImg8bit.png,stuttgart_000091_000019_leftImg8bit_foggy_beta_0.02.txt,stuttgart_000091_000019_leftImg8bit_foggy_beta_0.02.png
1504,1504,strasbourg_000001_040761_leftImg8bit.png,strasbourg_000001_040761_leftImg8bit_foggy_beta_0.02.txt,strasbourg_000001_040761_leftImg8bit_foggy_beta_0.02.png
1507,1507,cologne_000151_000019_leftImg8bit.png,cologne_000151_000019_leftImg8bit_foggy_beta_0.02.txt,cologne_000151_000019_leftImg8bit_foggy_beta_0.02.png
1517,1517,darmstadt_000080_000019_leftImg8bit.png,darmstadt_000080_000019_leftImg8bit_foggy_beta_0.02.txt,darmstadt_000080_000019_leftImg8bit_foggy_beta_0.02.png
1528,1528,hamburg_000000_105464_leftImg8bit.png,hamburg_000000_105464_leftImg8bit_foggy_beta_0.02.txt,hamburg_000000_105464_leftImg8bit_foggy_beta_0.02.png
1532,1532,jena_000059_000019_leftImg8bit.png,jena_000059_000019_leftImg8bit_foggy_beta_0.02.txt,jena_000059_000019_leftImg8bit_foggy_beta_0.02.png
1533,1533,strasbourg_000000_018358_leftImg8bit.png,strasbourg_000000_018358_leftImg8bit_foggy_beta_0.02.txt,strasbourg_000000_018358_leftImg8bit_foggy_beta_0.02.png
1537,1537,strasbourg_000000_004248_leftImg8bit.png,strasbourg_000000_004248_leftImg8bit_foggy_beta_0.02.txt,strasbourg_000000_004248_leftImg8bit_foggy_beta_0.02.png
1558,1558,krefeld_000000_011483_leftImg8bit.png,krefeld_000000_011483_leftImg8bit_foggy_beta_0.02.txt,krefeld_000000_011483_leftImg8bit_foggy_beta_0.02.png
1569,1569,bremen_000111_000019_leftImg8bit.png,bremen_000111_000019_leftImg8bit_foggy_beta_0.02.txt,bremen_000111_000019_leftImg8bit_foggy_beta_0.02.png
1575,1575,monchengladbach_000000_015928_leftImg8bit.png,monchengladbach_000000_015928_leftImg8bit_foggy_beta_0.02.txt,monchengladbach_000000_015928_leftImg8bit_foggy_beta_0.02.png
1577,1577,strasbourg_000000_028912_leftImg8bit.png,strasbourg_000000_028912_leftImg8bit_foggy_beta_0.02.txt,strasbourg_000000_028912_leftImg8bit_foggy_beta_0.02.png
1579,1579,krefeld_000000_036299_leftImg8bit.png,krefeld_000000_036299_leftImg8bit_foggy_beta_0.02.txt,krefeld_000000_036299_leftImg8bit_foggy_beta_0.02.png
1580,1580,monchengladbach_000000_024243_leftImg8bit.png,monchengladbach_000000_024243_leftImg8bit_foggy_beta_0.02.txt,monchengladbach_000000_024243_leftImg8bit_foggy_beta_0.02.png
1590,1590,strasbourg_000000_007727_leftImg8bit.png,strasbourg_000000_007727_leftImg8bit_foggy_beta_0.02.txt,strasbourg_000000_007727_leftImg8bit_foggy_beta_0.02.png
1592,1592,hamburg_000000_003488_leftImg8bit.png,hamburg_000000_003488_leftImg8bit_foggy_beta_0.02.txt,hamburg_000000_003488_leftImg8bit_foggy_beta_0.02.png
1594,1594,bremen_000019_000019_leftImg8bit.png,bremen_000019_000019_leftImg8bit_foggy_beta_0.02.txt,bremen_000019_000019_leftImg8bit_foggy_beta_0.02.png
1596,1596,aachen_000072_000019_leftImg8bit.png,aachen_000072_000019_leftImg8bit_foggy_beta_0.02.txt,aachen_000072_000019_leftImg8bit_foggy_beta_0.02.png
1600,1600,bochum_000000_024717_leftImg8bit.png,bochum_000000_024717_leftImg8bit_foggy_beta_0.02.txt,bochum_000000_024717_leftImg8bit_foggy_beta_0.02.png
1609,1609,darmstadt_000046_000019_leftImg8bit.png,darmstadt_000046_000019_leftImg8bit_foggy_beta_0.02.txt,darmstadt_000046_000019_leftImg8bit_foggy_beta_0.02.png
1615,1615,bremen_000252_000019_leftImg8bit.png,bremen_000252_000019_leftImg8bit_foggy_beta_0.02.txt,bremen_000252_000019_leftImg8bit_foggy_beta_0.02.png
1618,1618,jena_000016_000019_leftImg8bit.png,jena_000016_000019_leftImg8bit_foggy_beta_0.02.txt,jena_000016_000019_leftImg8bit_foggy_beta_0.02.png
1620,1620,hanover_000000_056361_leftImg8bit.png,hanover_000000_056361_leftImg8bit_foggy_beta_0.02.txt,hanover_000000_056361_leftImg8bit_foggy_beta_0.02.png
1631,1631,ulm_000065_000019_leftImg8bit.png,ulm_000065_000019_leftImg8bit_foggy_beta_0.02.txt,ulm_000065_000019_leftImg8bit_foggy_beta_0.02.png
1659,1659,strasbourg_000001_023515_leftImg8bit.png,strasbourg_000001_023515_leftImg8bit_foggy_beta_0.02.txt,strasbourg_000001_023515_leftImg8bit_foggy_beta_0.02.png
1678,1678,bremen_000073_000019_leftImg8bit.png,bremen_000073_000019_leftImg8bit_foggy_beta_0.02.txt,bremen_000073_000019_leftImg8bit_foggy_beta_0.02.png
1683,1683,darmstadt_000045_000019_leftImg8bit.png,darmstadt_000045_000019_leftImg8bit_foggy_beta_0.02.txt,darmstadt_000045_000019_leftImg8bit_foggy_beta_0.02.png
1684,1684,zurich_000000_000019_leftImg8bit.png,zurich_000000_000019_leftImg8bit_foggy_beta_0.02.txt,zurich_000000_000019_leftImg8bit_foggy_beta_0.02.png
1692,1692,bremen_000242_000019_leftImg8bit.png,bremen_000242_000019_leftImg8bit_foggy_beta_0.02.txt,bremen_000242_000019_leftImg8bit_foggy_beta_0.02.png
1696,1696,hamburg_000000_026675_leftImg8bit.png,hamburg_000000_026675_leftImg8bit_foggy_beta_0.02.txt,hamburg_000000_026675_leftImg8bit_foggy_beta_0.02.png
1700,1700,zurich_000108_000019_leftImg8bit.png,zurich_000108_000019_leftImg8bit_foggy_beta_0.02.txt,zurich_000108_000019_leftImg8bit_foggy_beta_0.02.png
1708,1708,erfurt_000100_000019_leftImg8bit.png,erfurt_000100_000019_leftImg8bit_foggy_beta_0.02.txt,erfurt_000100_000019_leftImg8bit_foggy_beta_0.02.png
1715,1715,monchengladbach_000000_006169_leftImg8bit.png,monchengladbach_000000_006169_leftImg8bit_foggy_beta_0.02.txt,monchengladbach_000000_006169_leftImg8bit_foggy_beta_0.02.png
1736,1736,erfurt_000008_000019_leftImg8bit.png,erfurt_000008_000019_leftImg8bit_foggy_beta_0.02.txt,erfurt_000008_000019_leftImg8bit_foggy_beta_0.02.png
1737,1737,aachen_000103_000019_leftImg8bit.png,aachen_000103_000019_leftImg8bit_foggy_beta_0.02.txt,aachen_000103_000019_leftImg8bit_foggy_beta_0.02.png
1739,1739,bremen_000238_000019_leftImg8bit.png,bremen_000238_000019_leftImg8bit_foggy_beta_0.02.txt,bremen_000238_000019_leftImg8bit_foggy_beta_0.02.png
1740,1740,strasbourg_000000_006483_leftImg8bit.png,strasbourg_000000_006483_leftImg8bit_foggy_beta_0.02.txt,strasbourg_000000_006483_leftImg8bit_foggy_beta_0.02.png
1750,1750,cologne_000152_000019_leftImg8bit.png,cologne_000152_000019_leftImg8bit_foggy_beta_0.02.txt,cologne_000152_000019_leftImg8bit_foggy_beta_0.02.png
1751,1751,bremen_000305_000019_leftImg8bit.png,bremen_000305_000019_leftImg8bit_foggy_beta_0.02.txt,bremen_000305_000019_leftImg8bit_foggy_beta_0.02.png
1755,1755,dusseldorf_000092_000019_leftImg8bit.png,dusseldorf_000092_000019_leftImg8bit_foggy_beta_0.02.txt,dusseldorf_000092_000019_leftImg8bit_foggy_beta_0.02.png
1759,1759,strasbourg_000000_019050_leftImg8bit.png,strasbourg_000000_019050_leftImg8bit_foggy_beta_0.02.txt,strasbourg_000000_019050_leftImg8bit_foggy_beta_0.02.png
1760,1760,dusseldorf_000072_000019_leftImg8bit.png,dusseldorf_000072_000019_leftImg8bit_foggy_beta_0.02.txt,dusseldorf_000072_000019_leftImg8bit_foggy_beta_0.02.png
1761,1761,darmstadt_000083_000019_leftImg8bit.png,darmstadt_000083_000019_leftImg8bit_foggy_beta_0.02.txt,darmstadt_000083_000019_leftImg8bit_foggy_beta_0.02.png
1776,1776,hamburg_000000_055039_leftImg8bit.png,hamburg_000000_055039_leftImg8bit_foggy_beta_0.02.txt,hamburg_000000_055039_leftImg8bit_foggy_beta_0.02.png
1778,1778,bremen_000134_000019_leftImg8bit.png,bremen_000134_000019_leftImg8bit_foggy_beta_0.02.txt,bremen_000134_000019_leftImg8bit_foggy_beta_0.02.png
1784,1784,bremen_000264_000019_leftImg8bit.png,bremen_000264_000019_leftImg8bit_foggy_beta_0.02.txt,bremen_000264_000019_leftImg8bit_foggy_beta_0.02.png
1792,1792,stuttgart_000169_000019_leftImg8bit.png,stuttgart_000169_000019_leftImg8bit_foggy_beta_0.02.txt,stuttgart_000169_000019_leftImg8bit_foggy_beta_0.02.png
1795,1795,bremen_000046_000019_leftImg8bit.png,bremen_000046_000019_leftImg8bit_foggy_beta_0.02.txt,bremen_000046_000019_leftImg8bit_foggy_beta_0.02.png
1799,1799,stuttgart_000189_000019_leftImg8bit.png,stuttgart_000189_000019_leftImg8bit_foggy_beta_0.02.txt,stuttgart_000189_000019_leftImg8bit_foggy_beta_0.02.png
1805,1805,bochum_000000_004229_leftImg8bit.png,bochum_000000_004229_leftImg8bit_foggy_beta_0.02.txt,bochum_000000_004229_leftImg8bit_foggy_beta_0.02.png
1806,1806,stuttgart_000100_000019_leftImg8bit.png,stuttgart_000100_000019_leftImg8bit_foggy_beta_0.02.txt,stuttgart_000100_000019_leftImg8bit_foggy_beta_0.02.png
1808,1808,ulm_000040_000019_leftImg8bit.png,ulm_000040_000019_leftImg8bit_foggy_beta_0.02.txt,ulm_000040_000019_leftImg8bit_foggy_beta_0.02.png
1812,1812,monchengladbach_000000_005686_leftImg8bit.png,monchengladbach_000000_005686_leftImg8bit_foggy_beta_0.02.txt,monchengladbach_000000_005686_leftImg8bit_foggy_beta_0.02.png
1814,1814,cologne_000049_000019_leftImg8bit.png,cologne_000049_000019_leftImg8bit_foggy_beta_0.02.txt,cologne_000049_000019_leftImg8bit_foggy_beta_0.02.png
1818,1818,bremen_000297_000019_leftImg8bit.png,bremen_000297_000019_leftImg8bit_foggy_beta_0.02.txt,bremen_000297_000019_leftImg8bit_foggy_beta_0.02.png
1829,1829,strasbourg_000001_049143_leftImg8bit.png,strasbourg_000001_049143_leftImg8bit_foggy_beta_0.02.txt,strasbourg_000001_049143_leftImg8bit_foggy_beta_0.02.png
1839,1839,hamburg_000000_069289_leftImg8bit.png,hamburg_000000_069289_leftImg8bit_foggy_beta_0.02.txt,hamburg_000000_069289_leftImg8bit_foggy_beta_0.02.png
1842,1842,hanover_000000_023881_leftImg8bit.png,hanover_000000_023881_leftImg8bit_foggy_beta_0.02.txt,hanover_000000_023881_leftImg8bit_foggy_beta_0.02.png
1844,1844,darmstadt_000039_000019_leftImg8bit.png,darmstadt_000039_000019_leftImg8bit_foggy_beta_0.02.txt,darmstadt_000039_000019_leftImg8bit_foggy_beta_0.02.png
1850,1850,monchengladbach_000000_012376_leftImg8bit.png,monchengladbach_000000_012376_leftImg8bit_foggy_beta_0.02.txt,monchengladbach_000000_012376_leftImg8bit_foggy_beta_0.02.png
1851,1851,weimar_000089_000019_leftImg8bit.png,weimar_000089_000019_leftImg8bit_foggy_beta_0.02.txt,weimar_000089_000019_leftImg8bit_foggy_beta_0.02.png
1858,1858,strasbourg_000001_022560_leftImg8bit.png,strasbourg_000001_022560_leftImg8bit_foggy_beta_0.02.txt,strasbourg_000001_022560_leftImg8bit_foggy_beta_0.02.png
1863,1863,dusseldorf_000149_000019_leftImg8bit.png,dusseldorf_000149_000019_leftImg8bit_foggy_beta_0.02.txt,dusseldorf_000149_000019_leftImg8bit_foggy_beta_0.02.png
1868,1868,bochum_000000_007150_leftImg8bit.png,bochum_000000_007150_leftImg8bit_foggy_beta_0.02.txt,bochum_000000_007150_leftImg8bit_foggy_beta_0.02.png
1876,1876,strasbourg_000001_064393_leftImg8bit.png,strasbourg_000001_064393_leftImg8bit_foggy_beta_0.02.txt,strasbourg_000001_064393_leftImg8bit_foggy_beta_0.02.png
1879,1879,cologne_000069_000019_leftImg8bit.png,cologne_000069_000019_leftImg8bit_foggy_beta_0.02.txt,cologne_000069_000019_leftImg8bit_foggy_beta_0.02.png
1886,1886,aachen_000105_000019_leftImg8bit.png,aachen_000105_000019_leftImg8bit_foggy_beta_0.02.txt,aachen_000105_000019_leftImg8bit_foggy_beta_0.02.png
1890,1890,hanover_000000_057710_leftImg8bit.png,hanover_000000_057710_leftImg8bit_foggy_beta_0.02.txt,hanover_000000_057710_leftImg8bit_foggy_beta_0.02.png
1893,1893,strasbourg_000001_031582_leftImg8bit.png,strasbourg_000001_031582_leftImg8bit_foggy_beta_0.02.txt,strasbourg_000001_031582_leftImg8bit_foggy_beta_0.02.png
1913,1913,jena_000000_000019_leftImg8bit.png,jena_000000_000019_leftImg8bit_foggy_beta_0.02.txt,jena_000000_000019_leftImg8bit_foggy_beta_0.02.png
1917,1917,cologne_000013_000019_leftImg8bit.png,cologne_000013_000019_leftImg8bit_foggy_beta_0.02.txt,cologne_000013_000019_leftImg8bit_foggy_beta_0.02.png
1920,1920,monchengladbach_000000_023052_leftImg8bit.png,monchengladbach_000000_023052_leftImg8bit_foggy_beta_0.02.txt,monchengladbach_000000_023052_leftImg8bit_foggy_beta_0.02.png
1921,1921,hamburg_000000_061790_leftImg8bit.png,hamburg_000000_061790_leftImg8bit_foggy_beta_0.02.txt,hamburg_000000_061790_leftImg8bit_foggy_beta_0.02.png
1923,1923,strasbourg_000001_049977_leftImg8bit.png,strasbourg_000001_049977_leftImg8bit_foggy_beta_0.02.txt,strasbourg_000001_049977_leftImg8bit_foggy_beta_0.02.png
1926,1926,jena_000089_000019_leftImg8bit.png,jena_000089_000019_leftImg8bit_foggy_beta_0.02.txt,jena_000089_000019_leftImg8bit_foggy_beta_0.02.png
1942,1942,zurich_000033_000019_leftImg8bit.png,zurich_000033_000019_leftImg8bit_foggy_beta_0.02.txt,zurich_000033_000019_leftImg8bit_foggy_beta_0.02.png
1950,1950,bremen_000029_000019_leftImg8bit.png,bremen_000029_000019_leftImg8bit_foggy_beta_0.02.txt,bremen_000029_000019_leftImg8bit_foggy_beta_0.02.png
1956,1956,aachen_000042_000019_leftImg8bit.png,aachen_000042_000019_leftImg8bit_foggy_beta_0.02.txt,aachen_000042_000019_leftImg8bit_foggy_beta_0.02.png
1959,1959,krefeld_000000_001566_leftImg8bit.png,krefeld_000000_001566_leftImg8bit_foggy_beta_0.02.txt,krefeld_000000_001566_leftImg8bit_foggy_beta_0.02.png
1969,1969,cologne_000026_000019_leftImg8bit.png,cologne_000026_000019_leftImg8bit_foggy_beta_0.02.txt,cologne_000026_000019_leftImg8bit_foggy_beta_0.02.png
1972,1972,erfurt_000028_000019_leftImg8bit.png,erfurt_000028_000019_leftImg8bit_foggy_beta_0.02.txt,erfurt_000028_000019_leftImg8bit_foggy_beta_0.02.png
1974,1974,stuttgart_000087_000019_leftImg8bit.png,stuttgart_000087_000019_leftImg8bit_foggy_beta_0.02.txt,stuttgart_000087_000019_leftImg8bit_foggy_beta_0.02.png
1976,1976,strasbourg_000000_033062_leftImg8bit.png,strasbourg_000000_033062_leftImg8bit_foggy_beta_0.02.txt,strasbourg_000000_033062_leftImg8bit_foggy_beta_0.02.png
1979,1979,jena_000035_000019_leftImg8bit.png,jena_000035_000019_leftImg8bit_foggy_beta_0.02.txt,jena_000035_000019_leftImg8bit_foggy_beta_0.02.png
1987,1987,zurich_000020_000019_leftImg8bit.png,zurich_000020_000019_leftImg8bit_foggy_beta_0.02.txt,zurich_000020_000019_leftImg8bit_foggy_beta_0.02.png
1991,1991,dusseldorf_000094_000019_leftImg8bit.png,dusseldorf_000094_000019_leftImg8bit_foggy_beta_0.02.txt,dusseldorf_000094_000019_leftImg8bit_foggy_beta_0.02.png
1997,1997,strasbourg_000001_005876_leftImg8bit.png,strasbourg_000001_005876_leftImg8bit_foggy_beta_0.02.txt,strasbourg_000001_005876_leftImg8bit_foggy_beta_0.02.png
2012,2012,strasbourg_000001_049399_leftImg8bit.png,strasbourg_000001_049399_leftImg8bit_foggy_beta_0.02.txt,strasbourg_000001_049399_leftImg8bit_foggy_beta_0.02.png
2019,2019,stuttgart_000094_000019_leftImg8bit.png,stuttgart_000094_000019_leftImg8bit_foggy_beta_0.02.txt,stuttgart_000094_000019_leftImg8bit_foggy_beta_0.02.png
2021,2021,jena_000026_000019_leftImg8bit.png,jena_000026_000019_leftImg8bit_foggy_beta_0.02.txt,jena_000026_000019_leftImg8bit_foggy_beta_0.02.png
2030,2030,bremen_000292_000019_leftImg8bit.png,bremen_000292_000019_leftImg8bit_foggy_beta_0.02.txt,bremen_000292_000019_leftImg8bit_foggy_beta_0.02.png
2036,2036,aachen_000120_000019_leftImg8bit.png,aachen_000120_000019_leftImg8bit_foggy_beta_0.02.txt,aachen_000120_000019_leftImg8bit_foggy_beta_0.02.png
2039,2039,cologne_000025_000019_leftImg8bit.png,cologne_000025_000019_leftImg8bit_foggy_beta_0.02.txt,cologne_000025_000019_leftImg8bit_foggy_beta_0.02.png
2050,2050,strasbourg_000000_014066_leftImg8bit.png,strasbourg_000000_014066_leftImg8bit_foggy_beta_0.02.txt,strasbourg_000000_014066_leftImg8bit_foggy_beta_0.02.png
2051,2051,hanover_000000_055800_leftImg8bit.png,hanover_000000_055800_leftImg8bit_foggy_beta_0.02.txt,hanover_000000_055800_leftImg8bit_foggy_beta_0.02.png
2059,2059,darmstadt_000075_000019_leftImg8bit.png,darmstadt_000075_000019_leftImg8bit_foggy_beta_0.02.txt,darmstadt_000075_000019_leftImg8bit_foggy_beta_0.02.png
2061,2061,krefeld_000000_000442_leftImg8bit.png,krefeld_000000_000442_leftImg8bit_foggy_beta_0.02.txt,krefeld_000000_000442_leftImg8bit_foggy_beta_0.02.png
2063,2063,dusseldorf_000064_000019_leftImg8bit.png,dusseldorf_000064_000019_leftImg8bit_foggy_beta_0.02.txt,dusseldorf_000064_000019_leftImg8bit_foggy_beta_0.02.png
2065,2065,hanover_000000_013094_leftImg8bit.png,hanover_000000_013094_leftImg8bit_foggy_beta_0.02.txt,hanover_000000_013094_leftImg8bit_foggy_beta_0.02.png
2074,2074,strasbourg_000001_024701_leftImg8bit.png,strasbourg_000001_024701_leftImg8bit_foggy_beta_0.02.txt,strasbourg_000001_024701_leftImg8bit_foggy_beta_0.02.png
2085,2085,bremen_000261_000019_leftImg8bit.png,bremen_000261_000019_leftImg8bit_foggy_beta_0.02.txt,bremen_000261_000019_leftImg8bit_foggy_beta_0.02.png
2091,2091,cologne_000036_000019_leftImg8bit.png,cologne_000036_000019_leftImg8bit_foggy_beta_0.02.txt,cologne_000036_000019_leftImg8bit_foggy_beta_0.02.png
2095,2095,bochum_000000_035958_leftImg8bit.png,bochum_000000_035958_leftImg8bit_foggy_beta_0.02.txt,bochum_000000_035958_leftImg8bit_foggy_beta_0.02.png
2096,2096,dusseldorf_000097_000019_leftImg8bit.png,dusseldorf_000097_000019_leftImg8bit_foggy_beta_0.02.txt,dusseldorf_000097_000019_leftImg8bit_foggy_beta_0.02.png
2097,2097,darmstadt_000066_000019_leftImg8bit.png,darmstadt_000066_000019_leftImg8bit_foggy_beta_0.02.txt,darmstadt_000066_000019_leftImg8bit_foggy_beta_0.02.png
2111,2111,bochum_000000_025746_leftImg8bit.png,bochum_000000_025746_leftImg8bit_foggy_beta_0.02.txt,bochum_000000_025746_leftImg8bit_foggy_beta_0.02.png
2123,2123,dusseldorf_000123_000019_leftImg8bit.png,dusseldorf_000123_000019_leftImg8bit_foggy_beta_0.02.txt,dusseldorf_000123_000019_leftImg8bit_foggy_beta_0.02.png
2129,2129,stuttgart_000123_000019_leftImg8bit.png,stuttgart_000123_000019_leftImg8bit_foggy_beta_0.02.txt,stuttgart_000123_000019_leftImg8bit_foggy_beta_0.02.png
2148,2148,zurich_000016_000019_leftImg8bit.png,zurich_000016_000019_leftImg8bit_foggy_beta_0.02.txt,zurich_000016_000019_leftImg8bit_foggy_beta_0.02.png
2157,2157,hamburg_000000_077144_leftImg8bit.png,hamburg_000000_077144_leftImg8bit_foggy_beta_0.02.txt,hamburg_000000_077144_leftImg8bit_foggy_beta_0.02.png
2160,2160,strasbourg_000001_057129_leftImg8bit.png,strasbourg_000001_057129_leftImg8bit_foggy_beta_0.02.txt,strasbourg_000001_057129_leftImg8bit_foggy_beta_0.02.png
2161,2161,ulm_000090_000019_leftImg8bit.png,ulm_000090_000019_leftImg8bit_foggy_beta_0.02.txt,ulm_000090_000019_leftImg8bit_foggy_beta_0.02.png
2162,2162,cologne_000010_000019_leftImg8bit.png,cologne_000010_000019_leftImg8bit_foggy_beta_0.02.txt,cologne_000010_000019_leftImg8bit_foggy_beta_0.02.png
2169,2169,aachen_000115_000019_leftImg8bit.png,aachen_000115_000019_leftImg8bit_foggy_beta_0.02.txt,aachen_000115_000019_leftImg8bit_foggy_beta_0.02.png
2171,2171,weimar_000118_000019_leftImg8bit.png,weimar_000118_000019_leftImg8bit_foggy_beta_0.02.txt,weimar_000118_000019_leftImg8bit_foggy_beta_0.02.png
2178,2178,stuttgart_000051_000019_leftImg8bit.png,stuttgart_000051_000019_leftImg8bit_foggy_beta_0.02.txt,stuttgart_000051_000019_leftImg8bit_foggy_beta_0.02.png
2184,2184,krefeld_000000_027954_leftImg8bit.png,krefeld_000000_027954_leftImg8bit_foggy_beta_0.02.txt,krefeld_000000_027954_leftImg8bit_foggy_beta_0.02.png
2186,2186,bremen_000096_000019_leftImg8bit.png,bremen_000096_000019_leftImg8bit_foggy_beta_0.02.txt,bremen_000096_000019_leftImg8bit_foggy_beta_0.02.png
2203,2203,weimar_000099_000019_leftImg8bit.png,weimar_000099_000019_leftImg8bit_foggy_beta_0.02.txt,weimar_000099_000019_leftImg8bit_foggy_beta_0.02.png
2206,2206,strasbourg_000000_034040_leftImg8bit.png,strasbourg_000000_034040_leftImg8bit_foggy_beta_0.02.txt,strasbourg_000000_034040_leftImg8bit_foggy_beta_0.02.png
2218,2218,krefeld_000000_022162_leftImg8bit.png,krefeld_000000_022162_leftImg8bit_foggy_beta_0.02.txt,krefeld_000000_022162_leftImg8bit_foggy_beta_0.02.png
2225,2225,stuttgart_000002_000019_leftImg8bit.png,stuttgart_000002_000019_leftImg8bit_foggy_beta_0.02.txt,stuttgart_000002_000019_leftImg8bit_foggy_beta_0.02.png
2260,2260,aachen_000034_000019_leftImg8bit.png,aachen_000034_000019_leftImg8bit_foggy_beta_0.02.txt,aachen_000034_000019_leftImg8bit_foggy_beta_0.02.png
2262,2262,strasbourg_000001_006386_leftImg8bit.png,strasbourg_000001_006386_leftImg8bit_foggy_beta_0.02.txt,strasbourg_000001_006386_leftImg8bit_foggy_beta_0.02.png
2264,2264,darmstadt_000069_000019_leftImg8bit.png,darmstadt_000069_000019_leftImg8bit_foggy_beta_0.02.txt,darmstadt_000069_000019_leftImg8bit_foggy_beta_0.02.png
2265,2265,hanover_000000_049465_leftImg8bit.png,hanover_000000_049465_leftImg8bit_foggy_beta_0.02.txt,hanover_000000_049465_leftImg8bit_foggy_beta_0.02.png
2277,2277,cologne_000039_000019_leftImg8bit.png,cologne_000039_000019_leftImg8bit_foggy_beta_0.02.txt,cologne_000039_000019_leftImg8bit_foggy_beta_0.02.png
2290,2290,bremen_000207_000019_leftImg8bit.png,bremen_000207_000019_leftImg8bit_foggy_beta_0.02.txt,bremen_000207_000019_leftImg8bit_foggy_beta_0.02.png
2300,2300,krefeld_000000_015687_leftImg8bit.png,krefeld_000000_015687_leftImg8bit_foggy_beta_0.02.txt,krefeld_000000_015687_leftImg8bit_foggy_beta_0.02.png
2310,2310,zurich_000019_000019_leftImg8bit.png,zurich_000019_000019_leftImg8bit_foggy_beta_0.02.txt,zurich_000019_000019_leftImg8bit_foggy_beta_0.02.png
2315,2315,cologne_000104_000019_leftImg8bit.png,cologne_000104_000019_leftImg8bit_foggy_beta_0.02.txt,cologne_000104_000019_leftImg8bit_foggy_beta_0.02.png
2318,2318,tubingen_000019_000019_leftImg8bit.png,tubingen_000019_000019_leftImg8bit_foggy_beta_0.02.txt,tubingen_000019_000019_leftImg8bit_foggy_beta_0.02.png
2325,2325,aachen_000109_000019_leftImg8bit.png,aachen_000109_000019_leftImg8bit_foggy_beta_0.02.txt,aachen_000109_000019_leftImg8bit_foggy_beta_0.02.png
2334,2334,stuttgart_000024_000019_leftImg8bit.png,stuttgart_000024_000019_leftImg8bit_foggy_beta_0.02.txt,stuttgart_000024_000019_leftImg8bit_foggy_beta_0.02.png
2335,2335,erfurt_000002_000019_leftImg8bit.png,erfurt_000002_000019_leftImg8bit_foggy_beta_0.02.txt,erfurt_000002_000019_leftImg8bit_foggy_beta_0.02.png
2338,2338,bremen_000182_000019_leftImg8bit.png,bremen_000182_000019_leftImg8bit_foggy_beta_0.02.txt,bremen_000182_000019_leftImg8bit_foggy_beta_0.02.png
2345,2345,tubingen_000063_000019_leftImg8bit.png,tubingen_000063_000019_leftImg8bit_foggy_beta_0.02.txt,tubingen_000063_000019_leftImg8bit_foggy_beta_0.02.png
2346,2346,strasbourg_000001_036937_leftImg8bit.png,strasbourg_000001_036937_leftImg8bit_foggy_beta_0.02.txt,strasbourg_000001_036937_leftImg8bit_foggy_beta_0.02.png
2357,2357,zurich_000083_000019_leftImg8bit.png,zurich_000083_000019_leftImg8bit_foggy_beta_0.02.txt,zurich_000083_000019_leftImg8bit_foggy_beta_0.02.png
2360,2360,jena_000104_000019_leftImg8bit.png,jena_000104_000019_leftImg8bit_foggy_beta_0.02.txt,jena_000104_000019_leftImg8bit_foggy_beta_0.02.png
2373,2373,weimar_000117_000019_leftImg8bit.png,weimar_000117_000019_leftImg8bit_foggy_beta_0.02.txt,weimar_000117_000019_leftImg8bit_foggy_beta_0.02.png
2378,2378,bremen_000171_000019_leftImg8bit.png,bremen_000171_000019_leftImg8bit_foggy_beta_0.02.txt,bremen_000171_000019_leftImg8bit_foggy_beta_0.02.png
2380,2380,erfurt_000078_000019_leftImg8bit.png,erfurt_000078_000019_leftImg8bit_foggy_beta_0.02.txt,erfurt_000078_000019_leftImg8bit_foggy_beta_0.02.png
2395,2395,strasbourg_000001_004745_leftImg8bit.png,strasbourg_000001_004745_leftImg8bit_foggy_beta_0.02.txt,strasbourg_000001_004745_leftImg8bit_foggy_beta_0.02.png
2397,2397,jena_000085_000019_leftImg8bit.png,jena_000085_000019_leftImg8bit_foggy_beta_0.02.txt,jena_000085_000019_leftImg8bit_foggy_beta_0.02.png
2399,2399,erfurt_000011_000019_leftImg8bit.png,erfurt_000011_000019_leftImg8bit_foggy_beta_0.02.txt,erfurt_000011_000019_leftImg8bit_foggy_beta_0.02.png
2400,2400,erfurt_000068_000019_leftImg8bit.png,erfurt_000068_000019_leftImg8bit_foggy_beta_0.02.txt,erfurt_000068_000019_leftImg8bit_foggy_beta_0.02.png
2437,2437,hamburg_000000_056229_leftImg8bit.png,hamburg_000000_056229_leftImg8bit_foggy_beta_0.02.txt,hamburg_000000_056229_leftImg8bit_foggy_beta_0.02.png
2439,2439,aachen_000002_000019_leftImg8bit.png,aachen_000002_000019_leftImg8bit_foggy_beta_0.02.txt,aachen_000002_000019_leftImg8bit_foggy_beta_0.02.png
2451,2451,darmstadt_000036_000019_leftImg8bit.png,darmstadt_000036_000019_leftImg8bit_foggy_beta_0.02.txt,darmstadt_000036_000019_leftImg8bit_foggy_beta_0.02.png
2457,2457,strasbourg_000001_051574_leftImg8bit.png,strasbourg_000001_051574_leftImg8bit_foggy_beta_0.02.txt,strasbourg_000001_051574_leftImg8bit_foggy_beta_0.02.png
2459,2459,zurich_000101_000019_leftImg8bit.png,zurich_000101_000019_leftImg8bit_foggy_beta_0.02.txt,zurich_000101_000019_leftImg8bit_foggy_beta_0.02.png
2471,2471,bremen_000192_000019_leftImg8bit.png,bremen_000192_000019_leftImg8bit_foggy_beta_0.02.txt,bremen_000192_000019_leftImg8bit_foggy_beta_0.02.png
2473,2473,aachen_000170_000019_leftImg8bit.png,aachen_000170_000019_leftImg8bit_foggy_beta_0.02.txt,aachen_000170_000019_leftImg8bit_foggy_beta_0.02.png
2481,2481,tubingen_000060_000019_leftImg8bit.png,tubingen_000060_000019_leftImg8bit_foggy_beta_0.02.txt,tubingen_000060_000019_leftImg8bit_foggy_beta_0.02.png
2498,2498,krefeld_000000_035398_leftImg8bit.png,krefeld_000000_035398_leftImg8bit_foggy_beta_0.02.txt,krefeld_000000_035398_leftImg8bit_foggy_beta_0.02.png
2501,2501,hanover_000000_028460_leftImg8bit.png,hanover_000000_028460_leftImg8bit_foggy_beta_0.02.txt,hanover_000000_028460_leftImg8bit_foggy_beta_0.02.png
2514,2514,aachen_000145_000019_leftImg8bit.png,aachen_000145_000019_leftImg8bit_foggy_beta_0.02.txt,aachen_000145_000019_leftImg8bit_foggy_beta_0.02.png
2526,2526,jena_000053_000019_leftImg8bit.png,jena_000053_000019_leftImg8bit_foggy_beta_0.02.txt,jena_000053_000019_leftImg8bit_foggy_beta_0.02.png
2529,2529,dusseldorf_000180_000019_leftImg8bit.png,dusseldorf_000180_000019_leftImg8bit_foggy_beta_0.02.txt,dusseldorf_000180_000019_leftImg8bit_foggy_beta_0.02.png
2556,2556,tubingen_000127_000019_leftImg8bit.png,tubingen_000127_000019_leftImg8bit_foggy_beta_0.02.txt,tubingen_000127_000019_leftImg8bit_foggy_beta_0.02.png
2557,2557,aachen_000156_000019_leftImg8bit.png,aachen_000156_000019_leftImg8bit_foggy_beta_0.02.txt,aachen_000156_000019_leftImg8bit_foggy_beta_0.02.png
2559,2559,ulm_000033_000019_leftImg8bit.png,ulm_000033_000019_leftImg8bit_foggy_beta_0.02.txt,ulm_000033_000019_leftImg8bit_foggy_beta_0.02.png
2564,2564,strasbourg_000000_030706_leftImg8bit.png,strasbourg_000000_030706_leftImg8bit_foggy_beta_0.02.txt,strasbourg_000000_030706_leftImg8bit_foggy_beta_0.02.png
2584,2584,strasbourg_000001_058954_leftImg8bit.png,strasbourg_000001_058954_leftImg8bit_foggy_beta_0.02.txt,strasbourg_000001_058954_leftImg8bit_foggy_beta_0.02.png
2585,2585,monchengladbach_000000_029526_leftImg8bit.png,monchengladbach_000000_029526_leftImg8bit_foggy_beta_0.02.txt,monchengladbach_000000_029526_leftImg8bit_foggy_beta_0.02.png
2592,2592,krefeld_000000_032845_leftImg8bit.png,krefeld_000000_032845_leftImg8bit_foggy_beta_0.02.txt,krefeld_000000_032845_leftImg8bit_foggy_beta_0.02.png
2599,2599,bremen_000224_000019_leftImg8bit.png,bremen_000224_000019_leftImg8bit_foggy_beta_0.02.txt,bremen_000224_000019_leftImg8bit_foggy_beta_0.02.png
2616,2616,bremen_000194_000019_leftImg8bit.png,bremen_000194_000019_leftImg8bit_foggy_beta_0.02.txt,bremen_000194_000019_leftImg8bit_foggy_beta_0.02.png
2628,2628,tubingen_000086_000019_leftImg8bit.png,tubingen_000086_000019_leftImg8bit_foggy_beta_0.02.txt,tubingen_000086_000019_leftImg8bit_foggy_beta_0.02.png
2639,2639,hanover_000000_029455_leftImg8bit.png,hanover_000000_029455_leftImg8bit_foggy_beta_0.02.txt,hanover_000000_029455_leftImg8bit_foggy_beta_0.02.png
2641,2641,zurich_000114_000019_leftImg8bit.png,zurich_000114_000019_leftImg8bit_foggy_beta_0.02.txt,zurich_000114_000019_leftImg8bit_foggy_beta_0.02.png
2642,2642,ulm_000069_000019_leftImg8bit.png,ulm_000069_000019_leftImg8bit_foggy_beta_0.02.txt,ulm_000069_000019_leftImg8bit_foggy_beta_0.02.png
2645,2645,hamburg_000000_036003_leftImg8bit.png,hamburg_000000_036003_leftImg8bit_foggy_beta_0.02.txt,hamburg_000000_036003_leftImg8bit_foggy_beta_0.02.png
2657,2657,bremen_000187_000019_leftImg8bit.png,bremen_000187_000019_leftImg8bit_foggy_beta_0.02.txt,bremen_000187_000019_leftImg8bit_foggy_beta_0.02.png
2661,2661,hamburg_000000_098862_leftImg8bit.png,hamburg_000000_098862_leftImg8bit_foggy_beta_0.02.txt,hamburg_000000_098862_leftImg8bit_foggy_beta_0.02.png
2666,2666,cologne_000009_000019_leftImg8bit.png,cologne_000009_000019_leftImg8bit_foggy_beta_0.02.txt,cologne_000009_000019_leftImg8bit_foggy_beta_0.02.png
2677,2677,stuttgart_000140_000019_leftImg8bit.png,stuttgart_000140_000019_leftImg8bit_foggy_beta_0.02.txt,stuttgart_000140_000019_leftImg8bit_foggy_beta_0.02.png
2688,2688,jena_000112_000019_leftImg8bit.png,jena_000112_000019_leftImg8bit_foggy_beta_0.02.txt,jena_000112_000019_leftImg8bit_foggy_beta_0.02.png
2693,2693,cologne_000101_000019_leftImg8bit.png,cologne_000101_000019_leftImg8bit_foggy_beta_0.02.txt,cologne_000101_000019_leftImg8bit_foggy_beta_0.02.png
2697,2697,tubingen_000095_000019_leftImg8bit.png,tubingen_000095_000019_leftImg8bit_foggy_beta_0.02.txt,tubingen_000095_000019_leftImg8bit_foggy_beta_0.02.png
2702,2702,tubingen_000121_000019_leftImg8bit.png,tubingen_000121_000019_leftImg8bit_foggy_beta_0.02.txt,tubingen_000121_000019_leftImg8bit_foggy_beta_0.02.png
2706,2706,cologne_000055_000019_leftImg8bit.png,cologne_000055_000019_leftImg8bit_foggy_beta_0.02.txt,cologne_000055_000019_leftImg8bit_foggy_beta_0.02.png
2711,2711,bremen_000202_000019_leftImg8bit.png,bremen_000202_000019_leftImg8bit_foggy_beta_0.02.txt,bremen_000202_000019_leftImg8bit_foggy_beta_0.02.png
2715,2715,aachen_000139_000019_leftImg8bit.png,aachen_000139_000019_leftImg8bit_foggy_beta_0.02.txt,aachen_000139_000019_leftImg8bit_foggy_beta_0.02.png
2718,2718,hanover_000000_005970_leftImg8bit.png,hanover_000000_005970_leftImg8bit_foggy_beta_0.02.txt,hanover_000000_005970_leftImg8bit_foggy_beta_0.02.png
2723,2723,weimar_000055_000019_leftImg8bit.png,weimar_000055_000019_leftImg8bit_foggy_beta_0.02.txt,weimar_000055_000019_leftImg8bit_foggy_beta_0.02.png
2726,2726,stuttgart_000195_000019_leftImg8bit.png,stuttgart_000195_000019_leftImg8bit_foggy_beta_0.02.txt,stuttgart_000195_000019_leftImg8bit_foggy_beta_0.02.png
2737,2737,strasbourg_000001_039231_leftImg8bit.png,strasbourg_000001_039231_leftImg8bit_foggy_beta_0.02.txt,strasbourg_000001_039231_leftImg8bit_foggy_beta_0.02.png
2738,2738,tubingen_000040_000019_leftImg8bit.png,tubingen_000040_000019_leftImg8bit_foggy_beta_0.02.txt,tubingen_000040_000019_leftImg8bit_foggy_beta_0.02.png
2740,2740,monchengladbach_000000_018294_leftImg8bit.png,monchengladbach_000000_018294_leftImg8bit_foggy_beta_0.02.txt,monchengladbach_000000_018294_leftImg8bit_foggy_beta_0.02.png
2743,2743,ulm_000026_000019_leftImg8bit.png,ulm_000026_000019_leftImg8bit_foggy_beta_0.02.txt,ulm_000026_000019_leftImg8bit_foggy_beta_0.02.png
2747,2747,dusseldorf_000166_000019_leftImg8bit.png,dusseldorf_000166_000019_leftImg8bit_foggy_beta_0.02.txt,dusseldorf_000166_000019_leftImg8bit_foggy_beta_0.02.png
2750,2750,bremen_000211_000019_leftImg8bit.png,bremen_000211_000019_leftImg8bit_foggy_beta_0.02.txt,bremen_000211_000019_leftImg8bit_foggy_beta_0.02.png
2752,2752,hamburg_000000_019760_leftImg8bit.png,hamburg_000000_019760_leftImg8bit_foggy_beta_0.02.txt,hamburg_000000_019760_leftImg8bit_foggy_beta_0.02.png
2756,2756,bremen_000298_000019_leftImg8bit.png,bremen_000298_000019_leftImg8bit_foggy_beta_0.02.txt,bremen_000298_000019_leftImg8bit_foggy_beta_0.02.png
2759,2759,bremen_000141_000019_leftImg8bit.png,bremen_000141_000019_leftImg8bit_foggy_beta_0.02.txt,bremen_000141_000019_leftImg8bit_foggy_beta_0.02.png
2762,2762,darmstadt_000016_000019_leftImg8bit.png,darmstadt_000016_000019_leftImg8bit_foggy_beta_0.02.txt,darmstadt_000016_000019_leftImg8bit_foggy_beta_0.02.png
2765,2765,zurich_000053_000019_leftImg8bit.png,zurich_000053_000019_leftImg8bit_foggy_beta_0.02.txt,zurich_000053_000019_leftImg8bit_foggy_beta_0.02.png
2782,2782,krefeld_000000_032614_leftImg8bit.png,krefeld_000000_032614_leftImg8bit_foggy_beta_0.02.txt,krefeld_000000_032614_leftImg8bit_foggy_beta_0.02.png
2785,2785,weimar_000056_000019_leftImg8bit.png,weimar_000056_000019_leftImg8bit_foggy_beta_0.02.txt,weimar_000056_000019_leftImg8bit_foggy_beta_0.02.png
2816,2816,dusseldorf_000196_000019_leftImg8bit.png,dusseldorf_000196_000019_leftImg8bit_foggy_beta_0.02.txt,dusseldorf_000196_000019_leftImg8bit_foggy_beta_0.02.png
2818,2818,strasbourg_000000_025491_leftImg8bit.png,strasbourg_000000_025491_leftImg8bit_foggy_beta_0.02.txt,strasbourg_000000_025491_leftImg8bit_foggy_beta_0.02.png
2819,2819,krefeld_000000_017342_leftImg8bit.png,krefeld_000000_017342_leftImg8bit_foggy_beta_0.02.txt,krefeld_000000_017342_leftImg8bit_foggy_beta_0.02.png
2829,2829,zurich_000050_000019_leftImg8bit.png,zurich_000050_000019_leftImg8bit_foggy_beta_0.02.txt,zurich_000050_000019_leftImg8bit_foggy_beta_0.02.png
2830,2830,hamburg_000000_097086_leftImg8bit.png,hamburg_000000_097086_leftImg8bit_foggy_beta_0.02.txt,hamburg_000000_097086_leftImg8bit_foggy_beta_0.02.png
2840,2840,dusseldorf_000004_000019_leftImg8bit.png,dusseldorf_000004_000019_leftImg8bit_foggy_beta_0.02.txt,dusseldorf_000004_000019_leftImg8bit_foggy_beta_0.02.png
2843,2843,strasbourg_000000_019355_leftImg8bit.png,strasbourg_000000_019355_leftImg8bit_foggy_beta_0.02.txt,strasbourg_000000_019355_leftImg8bit_foggy_beta_0.02.png
2846,2846,tubingen_000131_000019_leftImg8bit.png,tubingen_000131_000019_leftImg8bit_foggy_beta_0.02.txt,tubingen_000131_000019_leftImg8bit_foggy_beta_0.02.png
2849,2849,dusseldorf_000165_000019_leftImg8bit.png,dusseldorf_000165_000019_leftImg8bit_foggy_beta_0.02.txt,dusseldorf_000165_000019_leftImg8bit_foggy_beta_0.02.png
2850,2850,erfurt_000022_000019_leftImg8bit.png,erfurt_000022_000019_leftImg8bit_foggy_beta_0.02.txt,erfurt_000022_000019_leftImg8bit_foggy_beta_0.02.png
2854,2854,weimar_000124_000019_leftImg8bit.png,weimar_000124_000019_leftImg8bit_foggy_beta_0.02.txt,weimar_000124_000019_leftImg8bit_foggy_beta_0.02.png
2859,2859,bremen_000142_000019_leftImg8bit.png,bremen_000142_000019_leftImg8bit_foggy_beta_0.02.txt,bremen_000142_000019_leftImg8bit_foggy_beta_0.02.png
2861,2861,hamburg_000000_049558_leftImg8bit.png,hamburg_000000_049558_leftImg8bit_foggy_beta_0.02.txt,hamburg_000000_049558_leftImg8bit_foggy_beta_0.02.png
2870,2870,tubingen_000065_000019_leftImg8bit.png,tubingen_000065_000019_leftImg8bit_foggy_beta_0.02.txt,tubingen_000065_000019_leftImg8bit_foggy_beta_0.02.png
2873,2873,monchengladbach_000000_006518_leftImg8bit.png,monchengladbach_000000_006518_leftImg8bit_foggy_beta_0.02.txt,monchengladbach_000000_006518_leftImg8bit_foggy_beta_0.02.png
2885,2885,jena_000102_000019_leftImg8bit.png,jena_000102_000019_leftImg8bit_foggy_beta_0.02.txt,jena_000102_000019_leftImg8bit_foggy_beta_0.02.png
2902,2902,dusseldorf_000150_000019_leftImg8bit.png,dusseldorf_000150_000019_leftImg8bit_foggy_beta_0.02.txt,dusseldorf_000150_000019_leftImg8bit_foggy_beta_0.02.png
2903,2903,stuttgart_000031_000019_leftImg8bit.png,stuttgart_000031_000019_leftImg8bit_foggy_beta_0.02.txt,stuttgart_000031_000019_leftImg8bit_foggy_beta_0.02.png
2909,2909,hamburg_000000_099109_leftImg8bit.png,hamburg_000000_099109_leftImg8bit_foggy_beta_0.02.txt,hamburg_000000_099109_leftImg8bit_foggy_beta_0.02.png
2913,2913,hamburg_000000_023472_leftImg8bit.png,hamburg_000000_023472_leftImg8bit_foggy_beta_0.02.txt,hamburg_000000_023472_leftImg8bit_foggy_beta_0.02.png
2917,2917,hamburg_000000_001613_leftImg8bit.png,hamburg_000000_001613_leftImg8bit_foggy_beta_0.02.txt,hamburg_000000_001613_leftImg8bit_foggy_beta_0.02.png
2925,2925,hanover_000000_035491_leftImg8bit.png,hanover_000000_035491_leftImg8bit_foggy_beta_0.02.txt,hanover_000000_035491_leftImg8bit_foggy_beta_0.02.png
2927,2927,zurich_000076_000019_leftImg8bit.png,zurich_000076_000019_leftImg8bit_foggy_beta_0.02.txt,zurich_000076_000019_leftImg8bit_foggy_beta_0.02.png
2929,2929,darmstadt_000033_000019_leftImg8bit.png,darmstadt_000033_000019_leftImg8bit_foggy_beta_0.02.txt,darmstadt_000033_000019_leftImg8bit_foggy_beta_0.02.png
2931,2931,strasbourg_000000_015764_leftImg8bit.png,strasbourg_000000_015764_leftImg8bit_foggy_beta_0.02.txt,strasbourg_000000_015764_leftImg8bit_foggy_beta_0.02.png
2938,2938,strasbourg_000000_018153_leftImg8bit.png,strasbourg_000000_018153_leftImg8bit_foggy_beta_0.02.txt,strasbourg_000000_018153_leftImg8bit_foggy_beta_0.02.png
2940,2940,strasbourg_000001_004983_leftImg8bit.png,strasbourg_000001_004983_leftImg8bit_foggy_beta_0.02.txt,strasbourg_000001_004983_leftImg8bit_foggy_beta_0.02.png
2941,2941,jena_000070_000019_leftImg8bit.png,jena_000070_000019_leftImg8bit_foggy_beta_0.02.txt,jena_000070_000019_leftImg8bit_foggy_beta_0.02.png
2949,2949,bremen_000184_000019_leftImg8bit.png,bremen_000184_000019_leftImg8bit_foggy_beta_0.02.txt,bremen_000184_000019_leftImg8bit_foggy_beta_0.02.png
2952,2952,aachen_000166_000019_leftImg8bit.png,aachen_000166_000019_leftImg8bit_foggy_beta_0.02.txt,aachen_000166_000019_leftImg8bit_foggy_beta_0.02.png
2960,2960,monchengladbach_000000_013352_leftImg8bit.png,monchengladbach_000000_013352_leftImg8bit_foggy_beta_0.02.txt,monchengladbach_000000_013352_leftImg8bit_foggy_beta_0.02.png
